configuration_id,fast_window,slow_window,signal_window,neutral_band,neighbor_count,neighbor_configuration_ids,net_sharpe_ratio,total_turnover,median_neighbor_net_sharpe,minimum_neighbor_net_sharpe,standard_deviation_neighbor_net_sharpe,proportion_neighbors_positive_net_return,proportion_neighbors_positive_break_even,median_neighbor_turnover,mean_absolute_one_step_net_sharpe_difference,mean_absolute_one_step_turnover_difference
f008_s020_m006_b0p00000,8,20,6,0,4,f008_s020_m006_b0p00025|f008_s020_m009_b0p00000|f008_s026_m006_b0p00000|f012_s020_m006_b0p00000,-1.41496847063,8407,-1.07103836,-1.15967116035,0.0690856661436,0,0,7200,0.342524981641,1167.5
f008_s020_m006_b0p00025,8,20,6,0.00025,5,f008_s020_m006_b0p00000|f008_s020_m006_b0p00050|f008_s020_m009_b0p00025|f008_s026_m006_b0p00025|f012_s020_m006_b0p00025,-1.15967116035,6621,-0.999880670629,-1.41496847063,0.272901800527,0,0,6257,0.283139671989,1444.8
f008_s020_m006_b0p00050,8,20,6,0.0005,5,f008_s020_m006_b0p00025|f008_s020_m006_b0p00100|f008_s020_m009_b0p00050|f008_s026_m006_b0p00050|f012_s020_m006_b0p00050,-0.752537389702,4244,-0.837112311233,-1.15967116035,0.131826083858,0,0,4690,0.14913253967,1635.4
f008_s020_m006_b0p00100,8,20,6,0.001,4,f008_s020_m006_b0p00050|f008_s020_m009_b0p00100|f008_s026_m006_b0p00100|f012_s020_m006_b0p00100,-0.884880623955,1806,-0.743601578431,-0.771800997353,0.0416572789898,0,0,2431,0.154703714335,1257
f008_s020_m009_b0p00000,8,20,9,0,5,f008_s020_m006_b0p00000|f008_s020_m009_b0p00025|f008_s020_m012_b0p00000|f008_s026_m009_b0p00000|f012_s020_m009_b0p00000,-0.988026075627,7157,-0.877556836273,-1.41496847063,0.237298317697,0,0,6569,0.190325216398,774.8
f008_s020_m009_b0p00025,8,20,9,0.00025,6,f008_s020_m006_b0p00025|f008_s020_m009_b0p00000|f008_s020_m009_b0p00050|f008_s020_m012_b0p00025|f008_s026_m009_b0p00025|f012_s020_m009_b0p00025,-0.999880670629,6257,-0.873687014835,-1.15967116035,0.219397915058,0,0,6047,0.208030257747,860
f008_s020_m009_b0p00050,8,20,9,0.0005,6,f008_s020_m006_b0p00050|f008_s020_m009_b0p00025|f008_s020_m009_b0p00100|f008_s020_m012_b0p00050|f008_s026_m009_b0p00050|f012_s020_m009_b0p00050,-0.837112311233,4690,-0.705198988749,-0.999880670629,0.160816789518,0,0,4467,0.178090829592,1117.83333333
f008_s020_m009_b0p00100,8,20,9,0.001,5,f008_s020_m006_b0p00100|f008_s020_m009_b0p00050|f008_s020_m012_b0p00100|f008_s026_m009_b0p00100|f012_s020_m009_b0p00100,-0.661703484262,2472,-0.706867041699,-0.884880623955,0.182700574525,0,0,2794,0.169686709132,1060.8
f008_s020_m012_b0p00000,8,20,12,0,4,f008_s020_m009_b0p00000|f008_s020_m012_b0p00025|f008_s026_m012_b0p00000|f012_s020_m012_b0p00000,-0.846336022023,6569,-0.580866212653,-0.988026075627,0.224619515432,0,0,6041,0.268251930884,632
f008_s020_m012_b0p00025,8,20,12,0.00025,5,f008_s020_m009_b0p00025|f008_s020_m012_b0p00000|f008_s020_m012_b0p00050|f008_s026_m012_b0p00025|f012_s020_m012_b0p00025,-0.715711597127,5889,-0.673048623345,-0.999880670629,0.243249941323,0,0.2,5781,0.210972278826,784.4
f008_s020_m012_b0p00050,8,20,12,0.0005,5,f008_s020_m009_b0p00050|f008_s020_m012_b0p00025|f008_s020_m012_b0p00100|f008_s026_m012_b0p00050|f012_s020_m012_b0p00050,-0.673048623345,4690,-0.49611813629,-0.837112311233,0.226068925132,0,0.2,4690,0.223967461694,1040.6
f008_s020_m012_b0p00100,8,20,12,0.001,4,f008_s020_m009_b0p00100|f008_s020_m012_b0p00050|f008_s026_m012_b0p00100|f012_s020_m012_b0p00100,-0.49611813629,2794,-0.657061244352,-0.673048623345,0.132151123697,0,0,2850,0.159316921685,1067.5
f008_s026_m006_b0p00000,8,26,6,0,5,f008_s020_m006_b0p00000|f008_s026_m006_b0p00025|f008_s026_m009_b0p00000|f008_s032_m006_b0p00000|f012_s026_m006_b0p00000,-1.11768812935,7937,-1.09057782419,-1.41496847063,0.200620999883,0,0,6997,0.179097761942,761.6
f008_s026_m006_b0p00025,8,26,6,0.00025,6,f008_s020_m006_b0p00025|f008_s026_m006_b0p00000|f008_s026_m006_b0p00050|f008_s026_m009_b0p00025|f008_s032_m006_b0p00025|f012_s026_m006_b0p00025,-1.09057782419,6713,-0.974632327733,-1.15967116035,0.178873267026,0,0,6413,0.175832143246,941
f008_s026_m006_b0p00050,8,26,6,0.0005,6,f008_s020_m006_b0p00050|f008_s026_m006_b0p00025|f008_s026_m006_b0p00100|f008_s026_m009_b0p00050|f008_s032_m006_b0p00050|f012_s026_m006_b0p00050,-0.80165928865,4786,-0.762169193528,-1.09057782419,0.20416653511,0,0,4597,0.14241744783,1205.16666667
f008_s026_m006_b0p00100,8,26,6,0.001,5,f008_s020_m006_b0p00100|f008_s026_m006_b0p00050|f008_s026_m009_b0p00100|f008_s032_m006_b0p00100|f012_s026_m006_b0p00100,-0.771800997353,2390,-0.80165928865,-0.952076851168,0.188288928641,0,0,2632,0.157364085976,1034.4
f008_s026_m009_b0p00000,8,26,9,0,6,f008_s020_m009_b0p00000|f008_s026_m006_b0p00000|f008_s026_m009_b0p00025|f008_s026_m012_b0p00000|f008_s032_m009_b0p00000|f012_s026_m009_b0p00000,-0.877556836273,6917,-0.845547528952,-1.11768812935,0.256435956064,0,0,6426,0.223152898725,659.666666667
f008_s026_m009_b0p00025,8,26,9,0.00025,7,f008_s020_m009_b0p00025|f008_s026_m006_b0p00025|f008_s026_m009_b0p00000|f008_s026_m009_b0p00050|f008_s026_m012_b0p00025|f008_s032_m009_b0p00025|f012_s026_m009_b0p00025,-0.910261718438,6205,-0.737349354153,-1.09057782419,0.225914311693,0,0,6141,0.224471142648,627.142857143
f008_s026_m009_b0p00050,8,26,9,0.0005,7,f008_s020_m009_b0p00050|f008_s026_m006_b0p00050|f008_s026_m009_b0p00025|f008_s026_m009_b0p00100|f008_s026_m012_b0p00050|f008_s032_m009_b0p00050|f012_s026_m009_b0p00050,-0.737349354153,4950,-0.548730566296,-0.910261718438,0.220529398795,0,0,4786,0.22595781241,795.857142857
f008_s026_m009_b0p00100,8,26,9,0.001,6,f008_s020_m009_b0p00100|f008_s026_m006_b0p00100|f008_s026_m009_b0p00050|f008_s026_m012_b0p00100|f008_s032_m009_b0p00100|f012_s026_m009_b0p00100,-0.422604810673,2956,-0.645550916155,-0.771800997353,0.167409994806,0,0,2840,0.206193243266,825.666666667
f008_s026_m012_b0p00000,8,26,12,0,5,f008_s020_m012_b0p00000|f008_s026_m009_b0p00000|f008_s026_m012_b0p00025|f008_s032_m012_b0p00000|f012_s026_m012_b0p00000,-0.445957970831,6193,-0.535163967106,-0.877556836273,0.207057960565,0,0,5871,0.218047914563,557.2
f008_s026_m012_b0p00025,8,26,12,0.00025,6,f008_s020_m012_b0p00025|f008_s026_m009_b0p00025|f008_s026_m012_b0p00000|f008_s026_m012_b0p00050|f008_s032_m012_b0p00025|f012_s026_m012_b0p00025,-0.535163967106,5781,-0.430582466188,-0.910261718438,0.22639054747,0,0.166666666667,5762,0.20110116203,534.166666667
f008_s026_m012_b0p00050,8,26,12,0.0005,6,f008_s020_m012_b0p00050|f008_s026_m009_b0p00050|f008_s026_m012_b0p00025|f008_s026_m012_b0p00100|f008_s032_m012_b0p00050|f012_s026_m012_b0p00050,-0.415206961546,4830,-0.478512183953,-0.737349354153,0.217920223148,0,0.166666666667,4789.5,0.183435192513,701.666666667
f008_s026_m012_b0p00100,8,26,12,0.001,5,f008_s020_m012_b0p00100|f008_s026_m009_b0p00100|f008_s026_m012_b0p00050|f008_s032_m012_b0p00100|f012_s026_m012_b0p00100,-0.357667152729,3228,-0.415206961546,-0.49611813629,0.057051501057,0,0,2956,0.0612392896574,778.4
f008_s032_m006_b0p00000,8,32,6,0,4,f008_s026_m006_b0p00000|f008_s032_m006_b0p00025|f008_s032_m009_b0p00000|f012_s032_m006_b0p00000,-1.29204398438,7783,-0.909918138247,-1.11768812935,0.159751464759,0,0,6704,0.370587924775,862
f008_s032_m006_b0p00025,8,32,6,0.00025,5,f008_s026_m006_b0p00025|f008_s032_m006_b0p00000|f008_s032_m006_b0p00050|f008_s032_m009_b0p00025|f012_s032_m006_b0p00025,-1.03900293703,6717,-0.793956852605,-1.29204398438,0.269887009372,0,0,6141,0.277123049418,987.2
f008_s032_m006_b0p00050,8,32,6,0.0005,5,f008_s026_m006_b0p00050|f008_s032_m006_b0p00025|f008_s032_m006_b0p00100|f008_s032_m009_b0p00050|f012_s032_m006_b0p00050,-0.793956852605,5000,-0.657390525867,-1.03900293703,0.211353309391,0,0,4786,0.199926562849,1229
f008_s032_m006_b0p00100,8,32,6,0.001,4,f008_s026_m006_b0p00100|f008_s032_m006_b0p00050|f008_s032_m009_b0p00100|f012_s032_m006_b0p00100,-0.657390525867,2632,-0.782878924979,-0.901941854655,0.206168720726,0,0,2799,0.198175675683,1108
f008_s032_m009_b0p00000,8,32,9,0,5,f008_s026_m009_b0p00000|f008_s032_m006_b0p00000|f008_s032_m009_b0p00025|f008_s032_m012_b0p00000|f012_s032_m009_b0p00000,-0.780833339466,6647,-0.686612126052,-1.29204398438,0.304386936952,0,0,6141,0.261519435889,752
f008_s032_m009_b0p00025,8,32,9,0.00025,6,f008_s026_m009_b0p00025|f008_s032_m006_b0p00025|f008_s032_m009_b0p00000|f008_s032_m009_b0p00050|f008_s032_m012_b0p00025|f012_s032_m009_b0p00025,-0.686612126052,6141,-0.664781952881,-1.03900293703,0.264979161222,0,0.166666666667,5920,0.244639604685,659.833333333
f008_s032_m009_b0p00050,8,32,9,0.0005,6,f008_s026_m009_b0p00050|f008_s032_m006_b0p00050|f008_s032_m009_b0p00025|f008_s032_m009_b0p00100|f008_s032_m012_b0p00050|f012_s032_m009_b0p00050,-0.548730566296,5096,-0.554236263426,-0.793956852605,0.218853777484,0,0.166666666667,4919.5,0.206181679047,798
f008_s032_m009_b0p00100,8,32,9,0.001,5,f008_s026_m009_b0p00100|f008_s032_m006_b0p00100|f008_s032_m009_b0p00050|f008_s032_m012_b0p00100|f012_s032_m009_b0p00100,-0.360215950146,3208,-0.450940516143,-0.657390525867,0.113393322271,0,0,2956,0.134764980474,847.6
f008_s032_m012_b0p00000,8,32,12,0,4,f008_s026_m012_b0p00000|f008_s032_m009_b0p00000|f008_s032_m012_b0p00025|f012_s032_m012_b0p00000,-0.510443359345,5871,-0.424544019708,-0.780833339466,0.226292477581,0,0.25,5914,0.202034104263,550.5
f008_s032_m012_b0p00025,8,32,12,0.00025,5,f008_s026_m012_b0p00025|f008_s032_m009_b0p00025|f008_s032_m012_b0p00000|f008_s032_m012_b0p00050|f012_s032_m012_b0p00025,-0.403130068585,5635,-0.510443359345,-0.686612126052,0.169331226047,0,0.2,5781,0.15438618219,526
f008_s032_m012_b0p00050,8,32,12,0.0005,5,f008_s026_m012_b0p00050|f008_s032_m009_b0p00050|f008_s032_m012_b0p00025|f008_s032_m012_b0p00100|f012_s032_m012_b0p00050,-0.4218604008,4889,-0.403130068585,-0.548730566296,0.229597669579,0.2,0.2,4830,0.15857197015,722.8
f008_s032_m012_b0p00100,8,32,12,0.001,4,f008_s026_m012_b0p00100|f008_s032_m009_b0p00100|f008_s032_m012_b0p00050|f012_s032_m012_b0p00100,-0.32519366617,3476,-0.358941551437,-0.4218604008,0.0990901117957,0,0.25,3218,0.0826120880164,792.75
f012_s020_m006_b0p00000,12,20,6,0,5,f008_s020_m006_b0p00000|f012_s020_m006_b0p00025|f012_s020_m009_b0p00000|f012_s026_m006_b0p00000|f016_s020_m006_b0p00000,-1.02438859065,7243,-0.844120212711,-1.41496847063,0.272232419615,0,0,6747,0.26405858637,1223
f012_s020_m006_b0p00025,12,20,6,0.00025,6,f008_s020_m006_b0p00025|f012_s020_m006_b0p00000|f012_s020_m006_b0p00050|f012_s020_m009_b0p00025|f012_s026_m006_b0p00025|f016_s020_m006_b0p00025,-0.635287707225,4016,-0.903457409649,-1.15967116035,0.236456098636,0,0,4585,0.273753546986,1961
f012_s020_m006_b0p00050,12,20,6,0.0005,6,f008_s020_m006_b0p00050|f012_s020_m006_b0p00025|f012_s020_m006_b0p00100|f012_s020_m009_b0p00050|f012_s026_m006_b0p00050|f016_s020_m006_b0p00050,-0.825026262673,1870,-0.667930159433,-0.752537389702,0.140461220354,0,0,2636,0.214147052628,1508.33333333
f012_s020_m006_b0p00100,12,20,6,0.001,5,f008_s020_m006_b0p00100|f012_s020_m006_b0p00050|f012_s020_m009_b0p00100|f012_s026_m006_b0p00100|f016_s020_m006_b0p00100,-0.73466576716,466,-0.825026262673,-0.952076851168,0.127769519951,0,0,1006,0.125206070339,820.4
f012_s020_m009_b0p00000,12,20,9,0,6,f008_s020_m009_b0p00000|f012_s020_m006_b0p00000|f012_s020_m009_b0p00025|f012_s020_m012_b0p00000|f012_s026_m009_b0p00000|f016_s020_m009_b0p00000,-0.727356276602,6261,-0.463520981944,-1.02438859065,0.259748618424,0,0,5837,0.273966201108,869.166666667
f012_s020_m009_b0p00025,12,20,9,0.00025,7,f008_s020_m009_b0p00025|f012_s020_m006_b0p00025|f012_s020_m009_b0p00000|f012_s020_m009_b0p00050|f012_s020_m012_b0p00025|f012_s026_m009_b0p00025|f016_s020_m009_b0p00025,-0.459900593963,4348,-0.513836698801,-0.999880670629,0.216413018951,0,0.142857142857,4322,0.17845671422,1283.42857143
f012_s020_m009_b0p00050,12,20,9,0.0005,7,f008_s020_m009_b0p00050|f012_s020_m006_b0p00050|f012_s020_m009_b0p00025|f012_s020_m009_b0p00100|f012_s020_m012_b0p00050|f012_s026_m009_b0p00050|f016_s020_m009_b0p00050,-0.455146086546,2474,-0.706867041699,-0.98782201984,0.275064226609,0,0.142857142857,2722,0.276920599612,1326.57142857
f012_s020_m009_b0p00100,12,20,9,0.001,6,f008_s020_m009_b0p00100|f012_s020_m006_b0p00100|f012_s020_m009_b0p00050|f012_s020_m012_b0p00100|f012_s026_m009_b0p00100|f016_s020_m009_b0p00100,-0.706867041699,858,-0.657061244352,-0.848571371317,0.118332958584,0,0,1373,0.0997173830964,901
f012_s020_m012_b0p00000,12,20,12,0,5,f008_s020_m012_b0p00000|f012_s020_m009_b0p00000|f012_s020_m012_b0p00025|f012_s026_m012_b0p00000|f016_s020_m012_b0p00000,-0.446020828179,5685,-0.357461848271,-0.846336022023,0.226519296079,0,0.2,5241,0.204402054779,770.2
f012_s020_m012_b0p00025,12,20,12,0.00025,6,f008_s020_m012_b0p00025|f012_s020_m009_b0p00025|f012_s020_m012_b0p00000|f012_s020_m012_b0p00050|f012_s026_m012_b0p00025|f016_s020_m012_b0p00025,-0.298854305199,4322,-0.335710052408,-0.715711597127,0.206010638261,0,0.5,4482.5,0.182852091982,1164.16666667
f012_s020_m012_b0p00050,12,20,12,0.0005,6,f008_s020_m012_b0p00050|f012_s020_m009_b0p00050|f012_s020_m012_b0p00025|f012_s020_m012_b0p00100|f012_s026_m012_b0p00050|f016_s020_m012_b0p00050,-0.194710125401,2722,-0.553782545494,-0.709946608848,0.228873000894,0,0.333333333333,2983,0.321974002045,1340.66666667
f012_s020_m012_b0p00100,12,20,12,0.001,5,f008_s020_m012_b0p00100|f012_s020_m009_b0p00100|f012_s020_m012_b0p00050|f012_s026_m012_b0p00100|f016_s020_m012_b0p00100,-0.652419004441,1176,-0.49611813629,-0.706867041699,0.184453472913,0,0.2,1892,0.19294030431,1043.2
f012_s026_m006_b0p00000,12,26,6,0,6,f008_s026_m006_b0p00000|f012_s020_m006_b0p00000|f012_s026_m006_b0p00025|f012_s026_m009_b0p00000|f012_s032_m006_b0p00000|f016_s026_m006_b0p00000,-0.96107711418,6997,-0.700448983522,-1.11768812935,0.252594215636,0,0,6486,0.288916094353,909.166666667
f012_s026_m006_b0p00025,12,26,6,0.00025,7,f008_s026_m006_b0p00025|f012_s020_m006_b0p00025|f012_s026_m006_b0p00000|f012_s026_m006_b0p00050|f012_s026_m009_b0p00025|f012_s032_m006_b0p00025|f016_s026_m006_b0p00025,-0.652598134483,4822,-0.555440519848,-1.09057782419,0.267713592571,0,0,4830,0.235695868752,1278.28571429
f012_s026_m006_b0p00050,12,26,6,0.0005,7,f008_s026_m006_b0p00050|f012_s020_m006_b0p00050|f012_s026_m006_b0p00025|f012_s026_m006_b0p00100|f012_s026_m009_b0p00050|f012_s032_m006_b0p00050|f016_s026_m006_b0p00050,-0.387065697997,2798,-0.80165928865,-0.952076851168,0.214692622031,0,0,3250,0.317372376428,1308.57142857
f012_s026_m006_b0p00100,12,26,6,0.001,6,f008_s026_m006_b0p00100|f012_s020_m006_b0p00100|f012_s026_m006_b0p00050|f012_s026_m009_b0p00100|f012_s032_m006_b0p00100|f016_s026_m006_b0p00100,-0.952076851168,1006,-0.682032057604,-0.901941854655,0.173518616422,0,0,1478,0.299624619619,894.333333333
f012_s026_m009_b0p00000,12,26,9,0,7,f008_s026_m009_b0p00000|f012_s020_m009_b0p00000|f012_s026_m006_b0p00000|f012_s026_m009_b0p00025|f012_s026_m012_b0p00000|f012_s032_m009_b0p00000|f016_s026_m009_b0p00000,-0.450267220763,5925,-0.44578149527,-0.96107711418,0.258851889863,0,0.142857142857,5575,0.224167275769,741.285714286
f012_s026_m009_b0p00025,12,26,9,0.00025,8,f008_s026_m009_b0p00025|f012_s020_m009_b0p00025|f012_s026_m006_b0p00025|f012_s026_m009_b0p00000|f012_s026_m009_b0p00050|f012_s026_m012_b0p00025|f012_s032_m009_b0p00025|f016_s026_m009_b0p00025,-0.413263368012,4830,-0.384201433926,-0.910261718438,0.2563019416,0,0.375,4719.5,0.20117763347,757
f012_s026_m009_b0p00050,12,26,9,0.0005,8,f008_s026_m009_b0p00050|f012_s020_m009_b0p00050|f012_s026_m006_b0p00050|f012_s026_m009_b0p00025|f012_s026_m009_b0p00100|f012_s026_m012_b0p00050|f012_s032_m009_b0p00050|f016_s026_m009_b0p00050,-0.318135647089,3318,-0.428644022794,-0.737349354153,0.197763598128,0,0.25,3145,0.189527865236,1025.5
f012_s026_m009_b0p00100,12,26,9,0.001,7,f008_s026_m009_b0p00100|f012_s020_m009_b0p00100|f012_s026_m006_b0p00100|f012_s026_m009_b0p00050|f012_s026_m012_b0p00100|f012_s032_m009_b0p00100|f016_s026_m009_b0p00100,-0.629398348047,1570,-0.450940516143,-1.03388925637,0.269663796517,0,0,1892,0.251441265606,865.142857143
f012_s026_m012_b0p00000,12,26,12,0,6,f008_s026_m012_b0p00000|f012_s020_m012_b0p00000|f012_s026_m009_b0p00000|f012_s026_m012_b0p00025|f012_s032_m012_b0p00000|f016_s026_m012_b0p00000,-0.341386699436,5241,-0.335678623735,-0.450267220763,0.144055649542,0,0.5,5344,0.140838705204,579
f012_s026_m012_b0p00025,12,26,12,0.00025,7,f008_s026_m012_b0p00025|f012_s020_m012_b0p00025|f012_s026_m009_b0p00025|f012_s026_m012_b0p00000|f012_s026_m012_b0p00050|f012_s032_m012_b0p00025|f016_s026_m012_b0p00025,-0.225399276638,4617,-0.298854305199,-0.535163967106,0.189129404674,0,0.571428571429,4639,0.167489850536,638.571428571
f012_s026_m012_b0p00050,12,26,12,0.0005,7,f008_s026_m012_b0p00050|f012_s020_m012_b0p00050|f012_s026_m009_b0p00050|f012_s026_m012_b0p00025|f012_s026_m012_b0p00100|f012_s032_m012_b0p00050|f016_s026_m012_b0p00050,-0.0787301145075,3492,-0.225399276638,-0.415206961546,0.185757862701,0.142857142857,0.571428571429,3318,0.204077586717,934.714285714
f012_s026_m012_b0p00100,12,26,12,0.001,6,f008_s026_m012_b0p00100|f012_s020_m012_b0p00100|f012_s026_m009_b0p00100|f012_s026_m012_b0p00050|f012_s032_m012_b0p00100|f016_s026_m012_b0p00100,-0.370461664137,1892,-0.493532750388,-0.652419004441,0.235239072443,0,0.333333333333,1902,0.220029557105,889
f012_s032_m006_b0p00000,12,32,6,0,5,f008_s032_m006_b0p00000|f012_s026_m006_b0p00000|f012_s032_m006_b0p00025|f012_s032_m009_b0p00000|f016_s032_m006_b0p00000,-0.748299832561,6691,-0.555440519848,-1.29204398438,0.329375619646,0,0,5911,0.304347466154,968.2
f012_s032_m006_b0p00025,12,32,6,0.00025,6,f008_s032_m006_b0p00025|f012_s026_m006_b0p00025|f012_s032_m006_b0p00000|f012_s032_m006_b0p00050|f012_s032_m009_b0p00025|f016_s032_m006_b0p00025,-0.555440519848,5144,-0.540731653179,-1.03900293703,0.270113123221,0,0.333333333333,4850.5,0.238989018244,1153.5
f012_s032_m006_b0p00050,12,32,6,0.0005,6,f008_s032_m006_b0p00050|f012_s026_m006_b0p00050|f012_s032_m006_b0p00025|f012_s032_m006_b0p00100|f012_s032_m009_b0p00050|f016_s032_m006_b0p00050,-0.428865171875,3250,-0.564901132921,-0.901941854655,0.235177658335,0,0.166666666667,3244,0.230358837296,1273
f012_s032_m006_b0p00100,12,32,6,0.001,5,f008_s032_m006_b0p00100|f012_s026_m006_b0p00100|f012_s032_m006_b0p00050|f012_s032_m009_b0p00100|f016_s032_m006_b0p00100,-0.901941854655,1386,-0.657390525867,-0.99206593058,0.239222026114,0,0,1954,0.261777684503,965.2
f012_s032_m009_b0p00000,12,32,9,0,6,f008_s032_m009_b0p00000|f012_s026_m009_b0p00000|f012_s032_m006_b0p00000|f012_s032_m009_b0p00025|f012_s032_m012_b0p00000|f016_s032_m009_b0p00000,-0.44578149527,5575,-0.380333476352,-0.780833339466,0.245643151204,0,0.5,5474,0.216751789911,726.333333333
f012_s032_m009_b0p00025,12,32,9,0.00025,7,f008_s032_m009_b0p00025|f012_s026_m009_b0p00025|f012_s032_m006_b0p00025|f012_s032_m009_b0p00000|f012_s032_m009_b0p00050|f012_s032_m012_b0p00025|f016_s032_m009_b0p00025,-0.31039973194,4879,-0.413263368012,-0.686612126052,0.245731085013,0.142857142857,0.428571428571,4830,0.21671063031,663.714285714
f012_s032_m009_b0p00050,12,32,9,0.0005,7,f008_s032_m009_b0p00050|f012_s026_m009_b0p00050|f012_s032_m006_b0p00050|f012_s032_m009_b0p00025|f012_s032_m009_b0p00100|f012_s032_m012_b0p00050|f016_s032_m009_b0p00050,-0.198751907581,3690,-0.318135647089,-0.548730566296,0.212844084532,0.142857142857,0.428571428571,3318,0.211037228309,897.571428571
f012_s032_m009_b0p00100,12,32,9,0.001,6,f008_s032_m009_b0p00100|f012_s026_m009_b0p00100|f012_s032_m006_b0p00100|f012_s032_m009_b0p00050|f012_s032_m012_b0p00100|f016_s032_m009_b0p00100,-0.450940516143,1954,-0.494807149096,-0.901941854655,0.270454123805,0,0.333333333333,1902,0.24992812831,848.333333333
f012_s032_m012_b0p00000,12,32,12,0,5,f008_s032_m012_b0p00000|f012_s026_m012_b0p00000|f012_s032_m009_b0p00000|f012_s032_m012_b0p00025|f016_s032_m012_b0p00000,-0.144495601689,5003,-0.341386699436,-0.510443359345,0.169906624434,0,0.4,5241,0.196776573692,518
f012_s032_m012_b0p00025,12,32,12,0.00025,6,f008_s032_m012_b0p00025|f012_s026_m012_b0p00025|f012_s032_m009_b0p00025|f012_s032_m012_b0p00000|f012_s032_m012_b0p00050|f016_s032_m012_b0p00025,-0.172758736599,4639,-0.184947439164,-0.403130068585,0.178171902041,0.166666666667,0.833333333333,4748,0.152255903923,556.333333333
f012_s032_m012_b0p00050,12,32,12,0.0005,6,f008_s032_m012_b0p00050|f012_s026_m012_b0p00050|f012_s032_m009_b0p00050|f012_s032_m012_b0p00025|f012_s032_m012_b0p00100|f016_s032_m012_b0p00050,0.122078778357,3700,-0.165833277934,-0.4218604008,0.213386229754,0.166666666667,0.833333333333,3591,0.301926731264,795
f012_s032_m012_b0p00100,12,32,12,0.001,5,f008_s032_m012_b0p00100|f012_s026_m012_b0p00100|f012_s032_m009_b0p00100|f012_s032_m012_b0p00050|f016_s032_m012_b0p00100,-0.158907819269,2234,-0.370461664137,-0.54557577829,0.230589662796,0.2,0.2,1954,0.267505389058,834
f016_s020_m006_b0p00000,16,20,6,0,4,f012_s020_m006_b0p00000|f016_s020_m006_b0p00025|f016_s020_m009_b0p00000|f016_s026_m006_b0p00000,-0.844120212711,6747,-0.730728875526,-1.02438859065,0.265353861742,0,0,6015,0.264891645729,1835.25
f016_s020_m006_b0p00025,16,20,6,0.00025,5,f012_s020_m006_b0p00025|f016_s020_m006_b0p00000|f016_s020_m006_b0p00050|f016_s020_m009_b0p00025|f016_s026_m006_b0p00025,-0.981888556625,1366,-0.635287707225,-0.844120212711,0.161977898208,0,0,3100,0.369420917055,2277.8
f016_s020_m006_b0p00050,16,20,6,0.0005,5,f012_s020_m006_b0p00050|f016_s020_m006_b0p00025|f016_s020_m006_b0p00100|f016_s020_m009_b0p00050|f016_s026_m006_b0p00050,-0.70057261164,276,-0.825026262673,-0.98782201984,0.143629206373,0,0,1342,0.182688698039,860
f016_s020_m006_b0p00100,16,20,6,0.001,4,f012_s020_m006_b0p00100|f016_s020_m006_b0p00050|f016_s020_m009_b0p00100|f016_s026_m006_b0p00100,-0.594420577244,40,-0.7176191894,-0.848571371317,0.129681188447,0,0,288,0.151281967886,246.5
f016_s020_m009_b0p00000,16,20,9,0,5,f012_s020_m009_b0p00000|f016_s020_m006_b0p00000|f016_s020_m009_b0p00025|f016_s020_m012_b0p00000|f016_s026_m009_b0p00000,-0.467141369925,5749,-0.513836698801,-0.844120212711,0.222542195506,0,0.2,5265,0.202811003041,1298.2
f016_s020_m009_b0p00025,16,20,9,0.00025,6,f012_s020_m009_b0p00025|f016_s020_m006_b0p00025|f016_s020_m009_b0p00000|f016_s020_m009_b0p00050|f016_s020_m012_b0p00025|f016_s026_m009_b0p00025,-0.513836698801,1900,-0.463520981944,-0.98782201984,0.38073770396,0,0.333333333333,2848,0.32604316677,1672.83333333
f016_s020_m009_b0p00050,16,20,9,0.0005,6,f012_s020_m009_b0p00050|f016_s020_m006_b0p00050|f016_s020_m009_b0p00025|f016_s020_m009_b0p00100|f016_s020_m012_b0p00050|f016_s026_m009_b0p00050,-0.98782201984,590,-0.607204655221,-0.848571371317,0.15047677044,0,0,1355,0.375805677386,923.333333333
f016_s020_m009_b0p00100,16,20,9,0.001,5,f012_s020_m009_b0p00100|f016_s020_m006_b0p00100|f016_s020_m009_b0p00050|f016_s020_m012_b0p00100|f016_s026_m009_b0p00100,-0.848571371317,104,-0.706867041699,-1.03388925637,0.182656422311,0,0,590,0.186172484187,376.8
f016_s020_m012_b0p00000,16,20,12,0,4,f012_s020_m012_b0p00000|f016_s020_m009_b0p00000|f016_s020_m012_b0p00025|f016_s026_m012_b0p00000,-0.357461848271,5101,-0.2866698692,-0.467141369925,0.170713862795,0,0.5,5197,0.170358055637,1134.25
f016_s020_m012_b0p00025,16,20,12,0.00025,5,f012_s020_m012_b0p00025|f016_s020_m009_b0p00025|f016_s020_m012_b0p00000|f016_s020_m012_b0p00050|f016_s026_m012_b0p00025,-0.104411065336,2188,-0.357461848271,-0.709946608848,0.255633837739,0,0.4,3590,0.325503001371,1623
f016_s020_m012_b0p00050,16,20,12,0.0005,5,f012_s020_m012_b0p00050|f016_s020_m009_b0p00050|f016_s020_m012_b0p00025|f016_s020_m012_b0p00100|f016_s026_m012_b0p00050,-0.709946608848,810,-0.194710125401,-0.98782201984,0.375592333912,0,0.6,2164,0.439829809076,1103.2
f016_s020_m012_b0p00100,16,20,12,0.001,4,f012_s020_m012_b0p00100|f016_s020_m009_b0p00100|f016_s020_m012_b0p00050|f016_s026_m012_b0p00100,-0.638132607646,158,-0.681182806645,-0.848571371317,0.0841714390845,0,0,842,0.075251673167,610
f016_s026_m006_b0p00000,16,26,6,0,5,f012_s026_m006_b0p00000|f016_s020_m006_b0p00000|f016_s026_m006_b0p00025|f016_s026_m009_b0p00000|f016_s032_m006_b0p00000,-0.479569194428,6281,-0.478461585225,-0.96107711418,0.276091047404,0,0.2,5911,0.238225802782,1149.8
f016_s026_m006_b0p00025,16,26,6,0.00025,6,f012_s026_m006_b0p00025|f016_s020_m006_b0p00025|f016_s026_m006_b0p00000|f016_s026_m006_b0p00050|f016_s026_m009_b0p00025|f016_s032_m006_b0p00025,-0.368520967471,3100,-0.566083664456,-0.981888556625,0.327331192424,0,0.333333333333,3666,0.3192475298,1587.83333333
f016_s026_m006_b0p00050,16,26,6,0.0005,6,f012_s026_m006_b0p00050|f016_s020_m006_b0p00050|f016_s026_m006_b0p00025|f016_s026_m006_b0p00100|f016_s026_m009_b0p00050|f016_s032_m006_b0p00050,-0.81484506322,1342,-0.466932700829,-0.70057261164,0.114618929638,0,0,1964,0.320780659093,1094.33333333
f016_s026_m006_b0p00100,16,26,6,0.001,5,f012_s026_m006_b0p00100|f016_s020_m006_b0p00100|f016_s026_m006_b0p00050|f016_s026_m009_b0p00100|f016_s032_m006_b0p00100,-0.489840724083,300,-0.952076851168,-1.03388925637,0.159501881614,0,0,630,0.387618811634,531.2
f016_s026_m009_b0p00000,16,26,9,0,6,f012_s026_m009_b0p00000|f016_s020_m009_b0p00000|f016_s026_m006_b0p00000|f016_s026_m009_b0p00025|f016_s026_m012_b0p00000|f016_s032_m009_b0p00000,-0.246654954714,5265,-0.337130770228,-0.479569194428,0.183645062617,0,0.5,5386,0.172665435163,785.833333333
f016_s026_m009_b0p00025,16,26,9,0.00025,7,f012_s026_m009_b0p00025|f016_s020_m009_b0p00025|f016_s026_m006_b0p00025|f016_s026_m009_b0p00000|f016_s026_m009_b0p00050|f016_s026_m012_b0p00025|f016_s032_m009_b0p00025,-0.00967194422425,3508,-0.368520967471,-0.513836698801,0.228210810683,0.142857142857,0.428571428571,3590,0.302245836394,1027.85714286
f016_s026_m009_b0p00050,16,26,9,0.0005,7,f012_s026_m009_b0p00050|f016_s020_m009_b0p00050|f016_s026_m006_b0p00050|f016_s026_m009_b0p00025|f016_s026_m009_b0p00100|f016_s026_m012_b0p00050|f016_s032_m009_b0p00050,-0.444024677576,1916,-0.318135647089,-1.03388925637,0.432832762667,0,0.428571428571,2164,0.409411476039,1010.28571429
f016_s026_m009_b0p00100,16,26,9,0.001,6,f012_s026_m009_b0p00100|f016_s020_m009_b0p00100|f016_s026_m006_b0p00100|f016_s026_m009_b0p00050|f016_s026_m012_b0p00100|f016_s032_m009_b0p00100,-1.03388925637,630,-0.631531712346,-0.848571371317,0.132146392,0,0,980,0.411955182732,630.333333333
f016_s026_m012_b0p00000,16,26,12,0,5,f012_s026_m012_b0p00000|f016_s020_m012_b0p00000|f016_s026_m009_b0p00000|f016_s026_m012_b0p00025|f016_s032_m012_b0p00000,-0.127318910221,4709,-0.246654954714,-0.357461848271,0.164763655922,0,0.6,5101,0.165166543365,570.6
f016_s026_m012_b0p00025,16,26,12,0.00025,6,f012_s026_m012_b0p00025|f016_s020_m012_b0p00025|f016_s026_m009_b0p00025|f016_s026_m012_b0p00000|f016_s026_m012_b0p00050|f016_s032_m012_b0p00025,0.0606487417468,3590,-0.0570415047802,-0.225399276638,0.0860857215619,0,1,3685,0.135821579969,888
f016_s026_m012_b0p00050,16,26,12,0.0005,6,f012_s026_m012_b0p00050|f016_s020_m012_b0p00050|f016_s026_m009_b0p00050|f016_s026_m012_b0p00025|f016_s026_m012_b0p00100|f016_s032_m012_b0p00050,0.0187409973762,2164,-0.261377396042,-0.709946608848,0.368831775672,0.166666666667,0.5,2329,0.376122251579,1037.33333333
f016_s026_m012_b0p00100,16,26,12,0.001,5,f012_s026_m012_b0p00100|f016_s020_m012_b0p00100|f016_s026_m009_b0p00100|f016_s026_m012_b0p00050|f016_s032_m012_b0p00100,-0.633665076646,874,-0.54557577829,-1.03388925637,0.343833362009,0,0.2,1394,0.281678099122,757.6
f016_s032_m006_b0p00000,16,32,6,0,4,f012_s032_m006_b0p00000|f016_s026_m006_b0p00000|f016_s032_m006_b0p00025|f016_s032_m009_b0p00000,-0.478461585225,5911,-0.373135542609,-0.748299832561,0.207891790722,0,0.5,5652,0.184293204126,1031.25
f016_s032_m006_b0p00025,16,32,6,0.00025,5,f012_s032_m006_b0p00025|f016_s026_m006_b0p00025|f016_s032_m006_b0p00000|f016_s032_m006_b0p00050|f016_s032_m009_b0p00025,-0.266701890791,3824,-0.478461585225,-0.574361745995,0.247618569446,0.2,0.2,3934,0.254893285055,1210.6
f016_s032_m006_b0p00050,16,32,6,0.0005,5,f012_s032_m006_b0p00050|f016_s026_m006_b0p00050|f016_s032_m006_b0p00025|f016_s032_m006_b0p00100|f016_s032_m009_b0p00050,-0.574361745995,2012,-0.428865171875,-0.99206593058,0.332845696523,0,0.4,2560,0.316014317266,1132.4
f016_s032_m006_b0p00100,16,32,6,0.001,4,f012_s032_m006_b0p00100|f016_s026_m006_b0p00100|f016_s032_m006_b0p00050|f016_s032_m009_b0p00100,-0.99206593058,618,-0.630232995075,-0.901941854655,0.15448938108,0,0,1236,0.329003788358,737
f016_s032_m009_b0p00000,16,32,9,0,5,f012_s032_m009_b0p00000|f016_s026_m009_b0p00000|f016_s032_m006_b0p00000|f016_s032_m009_b0p00025|f016_s032_m012_b0p00000,-0.223994319693,5023,-0.246654954714,-0.478461585225,0.222365172244,0.2,0.6,5265,0.1983380755,667.8
f016_s032_m009_b0p00025,16,32,9,0.00025,6,f012_s032_m009_b0p00025|f016_s026_m009_b0p00025|f016_s032_m006_b0p00025|f016_s032_m009_b0p00000|f016_s032_m009_b0p00050|f016_s032_m012_b0p00025,0.0977872791089,3934,-0.164814205244,-0.31039973194,0.121130841474,0,1,3843,0.251017080398,669.333333333
f016_s032_m009_b0p00050,16,32,9,0.0005,6,f012_s032_m009_b0p00050|f016_s026_m009_b0p00050|f016_s032_m006_b0p00050|f016_s032_m009_b0p00025|f016_s032_m009_b0p00100|f016_s032_m012_b0p00050,-0.105634090796,2560,-0.321388292578,-0.686104244156,0.353698662803,0.333333333333,0.5,2377,0.34699966137,892
f016_s032_m009_b0p00100,16,32,9,0.001,5,f012_s032_m009_b0p00100|f016_s026_m009_b0p00100|f016_s032_m006_b0p00100|f016_s032_m009_b0p00050|f016_s032_m012_b0p00100,-0.686104244156,1086,-0.54557577829,-1.03388925637,0.348789836724,0,0.2,1394,0.321981809175,714.8
f016_s032_m012_b0p00000,16,32,12,0,4,f012_s032_m012_b0p00000|f016_s026_m012_b0p00000|f016_s032_m009_b0p00000|f016_s032_m012_b0p00025,-0.0530006171253,4455,-0.135907255955,-0.223994319693,0.0791748325741,0,1,4856,0.096707691765,490.75
f016_s032_m012_b0p00025,16,32,12,0.00025,5,f012_s032_m012_b0p00025|f016_s026_m012_b0p00025|f016_s032_m009_b0p00025|f016_s032_m012_b0p00000|f016_s032_m012_b0p00050,-0.00297683029246,3862,0.0606487417468,-0.172758736599,0.155679255216,0.4,1,3934,0.135881700054,566.8
f016_s032_m012_b0p00050,16,32,12,0.0005,5,f012_s032_m012_b0p00050|f016_s026_m012_b0p00050|f016_s032_m009_b0p00050|f016_s032_m012_b0p00025|f016_s032_m012_b0p00100,0.292236295398,2742,-0.00297683029246,-0.54557577829,0.232965957154,0.2,0.8,2560,0.394909680127,837.2
f016_s032_m012_b0p00100,16,32,12,0.001,4,f012_s032_m012_b0p00100|f016_s026_m012_b0p00100|f016_s032_m009_b0p00100|f016_s032_m012_b0p00050,-0.54557577829,1394,-0.396286447957,-0.686104244156,0.397181866752,0.25,0.5,1660,0.363274449233,754
