symbol,configuration_id,fast_window,slow_window,signal_window,neutral_band,fast_alpha,slow_alpha,signal_alpha,fast_half_life_bars,slow_half_life_bars,signal_half_life_bars,slow_minus_fast_half_life_bars,observations,position_eligible_observations,gross_cumulative_return,gross_sharpe_ratio,net_cumulative_return,net_sharpe_ratio,net_max_drawdown,total_turnover,position_changing_bars,long_exposure_pct,short_exposure_pct,neutral_exposure_pct,break_even_status,break_even_cost_bps,calendar_years,positive_net_years,worst_annual_net_return,median_annual_net_return,standard_deviation_annual_net_return,positive_net_year_proportion
SPY,f008_s020_m006_b0p00000,8,20,6,0,0.222222222222,0.0952380952381,0.285714285714,2.75808748945,6.92569172323,2.06004271711,4.16760423378,39064,39039,-0.628875488145,-0.719120955666,-0.839914685493,-1.41496847063,-0.840985643352,8407,4204,48.6744025206,51.3255974794,0,non_positive_gross,,6,0,-0.504092981874,-0.205808001641,0.177715381439,0
SPY,f008_s020_m006_b0p00025,8,20,6,0.00025,0.222222222222,0.0952380952381,0.285714285714,2.75808748945,6.92569172323,2.06004271711,4.16760423378,39064,39039,-0.484653096235,-0.535664668442,-0.734231178412,-1.15967116035,-0.735629050327,6621,6446,26.7809113963,27.2752888138,45.94379979,non_positive_gross,,6,1,-0.498013700847,-0.155100914826,0.213609914895,0.166666666667
SPY,f008_s020_m006_b0p00050,8,20,6,0.0005,0.222222222222,0.0952380952381,0.285714285714,2.75808748945,6.92569172323,2.06004271711,4.16760423378,39064,39039,-0.288978966539,-0.292127950022,-0.534914529996,-0.752537389702,-0.569945228476,4244,4204,15.2129921361,14.2703450396,70.5166628244,non_positive_gross,,6,2,-0.457449054528,-0.0838889005322,0.223184176239,0.333333333333
SPY,f008_s020_m006_b0p00100,8,20,6,0.001,0.222222222222,0.0952380952381,0.285714285714,2.75808748945,6.92569172323,2.06004271711,4.16760423378,39064,39039,-0.377371542448,-0.624624380092,-0.480268586904,-0.884880623955,-0.504298201195,1806,1801,5.19736673583,4.95145879761,89.8511744666,non_positive_gross,,6,3,-0.437161576503,-0.00106849474443,0.184635628024,0.5
SPY,f008_s020_m009_b0p00000,8,20,9,0,0.222222222222,0.0952380952381,0.2,2.75808748945,6.92569172323,3.10628371951,4.16760423378,39064,39036,-0.451505772473,-0.395608617845,-0.731906264828,-0.988026075627,-0.733568226436,7157,3579,48.5346859309,51.4653140691,0,non_positive_gross,,6,1,-0.450212325004,-0.173275880912,0.165951678427,0.166666666667
SPY,f008_s020_m009_b0p00025,8,20,9,0.00025,0.222222222222,0.0952380952381,0.2,2.75808748945,6.92569172323,3.10628371951,4.16760423378,39064,39036,-0.4374876869,-0.430792111593,-0.699150554715,-0.999880670629,-0.700053481864,6257,6033,31.5093759607,33.0156778358,35.4749462035,non_positive_gross,,6,1,-0.392367305719,-0.16308238912,0.18060526201,0.166666666667
SPY,f008_s020_m009_b0p00050,8,20,9,0.0005,0.222222222222,0.0952380952381,0.2,2.75808748945,6.92569172323,3.10628371951,4.16760423378,39064,39036,-0.353065152334,-0.360084606747,-0.595292052054,-0.837112311233,-0.615573744346,4690,4641,20.6552925505,20.3888718106,58.9558356389,non_positive_gross,,6,1,-0.380887289629,-0.145485735235,0.194246133551,0.166666666667
SPY,f008_s020_m009_b0p00100,8,20,9,0.001,0.222222222222,0.0952380952381,0.2,2.75808748945,6.92569172323,3.10628371951,4.16760423378,39064,39036,-0.281852530548,-0.350190518177,-0.439163472698,-0.661703484262,-0.49116997691,2472,2462,9.45537452608,8.65098883082,81.8936366431,non_positive_gross,,6,1,-0.353521317306,-0.0582570050125,0.167905127859,0.166666666667
SPY,f008_s020_m012_b0p00000,8,20,12,0,0.222222222222,0.0952380952381,0.153846153846,2.75808748945,6.92569172323,4.14923814618,4.16760423378,39064,39033,-0.386305368949,-0.302578805408,-0.681870902781,-0.846336022023,-0.68720669725,6569,3285,48.5358542772,51.4641457228,0,non_positive_gross,,6,1,-0.318845874378,-0.166835273549,0.12676799603,0.166666666667
SPY,f008_s020_m012_b0p00025,8,20,12,0.00025,0.222222222222,0.0952380952381,0.153846153846,2.75808748945,6.92569172323,4.14923814618,4.16760423378,39064,39033,-0.263172912602,-0.183085248191,-0.591141601914,-0.715711597127,-0.593813260849,5889,5668,33.9097686573,35.956754541,30.1334768017,non_positive_gross,,6,1,-0.244430560419,-0.158008281256,0.112510872759,0.166666666667
SPY,f008_s020_m012_b0p00050,8,20,12,0.0005,0.222222222222,0.0952380952381,0.153846153846,2.75808748945,6.92569172323,4.14923814618,4.16760423378,39064,39033,-0.253350143172,-0.206101243658,-0.532898173497,-0.673048623345,-0.555812656944,4690,4636,23.7926882382,24.0924346066,52.1148771552,non_positive_gross,,6,1,-0.23572892932,-0.159129876499,0.151270973597,0.166666666667
SPY,f008_s020_m012_b0p00100,8,20,12,0.001,0.222222222222,0.0952380952381,0.153846153846,2.75808748945,6.92569172323,4.14923814618,4.16760423378,39064,39033,-0.187141836268,-0.169673429139,-0.385311211733,-0.49611813629,-0.418754839276,2794,2783,12.4125739759,11.4236671534,76.1637588707,non_positive_gross,,6,1,-0.265402982113,-0.0785074994213,0.157110270674,0.166666666667
SPY,f008_s026_m006_b0p00000,8,26,6,0,0.222222222222,0.0740740740741,0.285714285714,2.75808748945,9.006468342,2.06004271711,6.24838085255,39064,39033,-0.492904768513,-0.460603655192,-0.770734960082,-1.11768812935,-0.772376615951,7937,3969,48.5281684728,51.4718315272,0,non_positive_gross,,6,0,-0.428966348376,-0.173372680148,0.156365833814,0
SPY,f008_s026_m006_b0p00025,8,26,6,0.00025,0.222222222222,0.0740740740741,0.285714285714,2.75808748945,9.006468342,2.06004271711,6.24838085255,39064,39033,-0.458045942252,-0.472537779165,-0.723062696052,-1.09057782419,-0.724711133166,6713,6486,29.6287756514,30.7611508211,39.6100735275,non_positive_gross,,6,1,-0.468409769272,-0.176836397391,0.202576840363,0.166666666667
SPY,f008_s026_m006_b0p00050,8,26,6,0.0005,0.222222222222,0.0740740740741,0.285714285714,2.75808748945,9.006468342,2.06004271711,6.24838085255,39064,39033,-0.31280635709,-0.306576973755,-0.574222674287,-0.80165928865,-0.591847792866,4786,4736,18.4766735839,17.9232956729,63.6000307432,non_positive_gross,,6,1,-0.391774057946,-0.132589814377,0.207243052332,0.166666666667
SPY,f008_s026_m006_b0p00100,8,26,6,0.001,0.222222222222,0.0740740740741,0.285714285714,2.75808748945,9.006468342,2.06004271711,6.24838085255,39064,39033,-0.332853373267,-0.461158103304,-0.474699988858,-0.771800997353,-0.518321960057,2390,2380,7.69605205851,7.15548382138,85.1484641201,non_positive_gross,,6,2,-0.352439388599,-0.0751039206966,0.159379009322,0.333333333333
SPY,f008_s026_m009_b0p00000,8,26,9,0,0.222222222222,0.0740740740741,0.2,2.75808748945,9.006468342,3.10628371951,6.24838085255,39064,39030,-0.388062243547,-0.304953731327,-0.693628782263,-0.877556836273,-0.698428667436,6917,3459,48.5549577248,51.4450422752,0,non_positive_gross,,6,1,-0.316782588618,-0.196685582484,0.132467619199,0.166666666667
SPY,f008_s026_m009_b0p00025,8,26,9,0.00025,0.222222222222,0.0740740740741,0.2,2.75808748945,9.006468342,3.10628371951,6.24838085255,39064,39030,-0.395439926694,-0.355614702577,-0.674972275224,-0.910261718438,-0.675857914153,6205,5939,34.1250320266,36.2234178837,29.6515500897,non_positive_gross,,6,1,-0.304951887368,-0.161733186478,0.140369397667,0.166666666667
SPY,f008_s026_m009_b0p00050,8,26,9,0.0005,0.222222222222,0.0740740740741,0.2,2.75808748945,9.006468342,3.10628371951,6.24838085255,39064,39030,-0.282090452743,-0.244903840315,-0.56240759112,-0.737349354153,-0.582667425787,4950,4884,24.0789136562,24.3607481425,51.5603382014,non_positive_gross,,6,1,-0.244879682814,-0.171074010835,0.154692765,0.166666666667
SPY,f008_s026_m009_b0p00100,8,26,9,0.001,0.222222222222,0.0740740740741,0.2,2.75808748945,9.006468342,3.10628371951,6.24838085255,39064,39030,-0.119899294597,-0.0769532913636,-0.345156949491,-0.422604810673,-0.401419015881,2956,2942,12.7363566487,11.6858826544,75.5777606969,non_positive_gross,,6,2,-0.283713708,-0.0627699647443,0.161913255572,0.333333333333
SPY,f008_s026_m012_b0p00000,8,26,12,0,0.222222222222,0.0740740740741,0.153846153846,2.75808748945,9.006468342,4.14923814618,6.24838085255,39064,39027,-0.0410459275993,0.0669413414387,-0.483816877573,-0.445957970831,-0.595113457733,6193,3097,48.476695621,51.523304379,0,non_positive_gross,,6,1,-0.244075516908,-0.080954017002,0.103983663706,0.166666666667
SPY,f008_s026_m012_b0p00025,8,26,12,0.00025,0.222222222222,0.0740740740741,0.153846153846,2.75808748945,9.006468342,4.14923814618,6.24838085255,39064,39027,-0.120257918888,-0.0196760042261,-0.506521676153,-0.535163967106,-0.560487826121,5781,5505,36.3978783919,38.9678940221,24.634227586,non_positive_gross,,6,1,-0.241892789197,-0.10045796334,0.093850925089,0.166666666667
SPY,f008_s026_m012_b0p00050,8,26,12,0.0005,0.222222222222,0.0740740740741,0.153846153846,2.75808748945,9.006468342,4.14923814618,6.24838085255,39064,39027,-0.0417816753286,0.0472928838781,-0.408883002989,-0.415206961546,-0.486080815892,4830,4760,27.3195480052,28.3675404207,44.312911574,non_positive_gross,,6,1,-0.253467340382,-0.0844066111276,0.141412169649,0.166666666667
SPY,f008_s026_m012_b0p00100,8,26,12,0.001,0.222222222222,0.0740740740741,0.153846153846,2.75808748945,9.006468342,4.14923814618,6.24838085255,39064,39027,-0.0714717199958,-0.00400978029002,-0.327658044195,-0.357667152729,-0.417724950152,3228,3214,15.8864375945,15.2407307761,68.8728316294,non_positive_gross,,6,2,-0.224408118709,-0.102001962184,0.15398970878,0.333333333333
SPY,f008_s032_m006_b0p00000,8,32,6,0,0.222222222222,0.0606060606061,0.285714285714,2.75808748945,11.0867438068,2.06004271711,8.32865631732,39064,39027,-0.595598250857,-0.6480632637,-0.814337746234,-1.29204398438,-0.817170052889,7783,3892,48.5151305506,51.4848694494,0,non_positive_gross,,6,0,-0.499991572573,-0.228750447685,0.168880885562,0
SPY,f008_s032_m006_b0p00025,8,32,6,0.00025,0.222222222222,0.0606060606061,0.285714285714,2.75808748945,11.0867438068,2.06004271711,8.32865631732,39064,39027,-0.437812115829,-0.429677325136,-0.71284288711,-1.03900293703,-0.714512840825,6717,6455,31.1117943987,32.7260614446,36.1621441566,non_positive_gross,,6,1,-0.479043534193,-0.145691593074,0.19747663367,0.166666666667
SPY,f008_s032_m006_b0p00050,8,32,6,0.0005,0.222222222222,0.0606060606061,0.285714285714,2.75808748945,11.0867438068,2.06004271711,8.32865631732,39064,39027,-0.309019633425,-0.289443392055,-0.580941798513,-0.793956852605,-0.596327487013,5000,4940,20.4115099803,20.096343557,59.4921464627,non_positive_gross,,6,1,-0.364645828049,-0.161767325936,0.204059913472,0.166666666667
SPY,f008_s032_m006_b0p00100,8,32,6,0.001,0.222222222222,0.0606060606061,0.285714285714,2.75808748945,11.0867438068,2.06004271711,8.32865631732,39064,39027,-0.270158677043,-0.327405575764,-0.439077527783,-0.657390525867,-0.481385677914,2632,2619,9.27306736362,8.60942424475,82.1175083916,non_positive_gross,,6,1,-0.326851769398,-0.0654820686882,0.155309151336,0.166666666667
SPY,f008_s032_m009_b0p00000,8,32,9,0,0.222222222222,0.0606060606061,0.2,2.75808748945,11.0867438068,3.10628371951,8.32865631732,39064,39024,-0.330553328366,-0.230564986583,-0.655664290765,-0.780833339466,-0.65799122272,6647,3324,48.5214227142,51.4785772858,0,non_positive_gross,,6,1,-0.314168094449,-0.184189075915,0.136929129824,0.166666666667
SPY,f008_s032_m009_b0p00025,8,32,9,0.00025,0.222222222222,0.0606060606061,0.2,2.75808748945,11.0867438068,3.10628371951,8.32865631732,39064,39024,-0.224816687246,-0.134922505969,-0.580552947599,-0.686612126052,-0.590069757841,6141,5866,35.5242927429,37.9586920869,26.5170151702,non_positive_gross,,6,1,-0.258123690905,-0.145776289094,0.105528125543,0.166666666667
SPY,f008_s032_m009_b0p00050,8,32,9,0.0005,0.222222222222,0.0606060606061,0.2,2.75808748945,11.0867438068,3.10628371951,8.32865631732,39064,39024,-0.13266723969,-0.0520916607621,-0.478989915071,-0.548730566296,-0.493325153628,5096,5017,26.0967609676,26.8117056171,47.0915334153,non_positive_gross,,6,1,-0.232005698287,-0.133362466609,0.146126893267,0.166666666667
SPY,f008_s032_m009_b0p00100,8,32,9,0.001,0.222222222222,0.0606060606061,0.2,2.75808748945,11.0867438068,3.10628371951,8.32865631732,39064,39024,-0.0649595074472,-1.43465012352e-05,-0.321581998479,-0.360215950146,-0.408121190568,3208,3194,14.6730217302,13.778700287,71.5482779828,non_positive_gross,,6,2,-0.19173472094,-0.095505207852,0.159835345744,0.333333333333
SPY,f008_s032_m012_b0p00000,8,32,12,0,0.222222222222,0.0606060606061,0.153846153846,2.75808748945,11.0867438068,4.14923814618,8.32865631732,39064,39021,-0.141022501839,-0.0242646509107,-0.522508439267,-0.510443359345,-0.628054512317,5871,2936,48.5200276774,51.4799723226,0,non_positive_gross,,6,1,-0.274425445003,-0.117299617766,0.131538994488,0.166666666667
SPY,f008_s032_m012_b0p00025,8,32,12,0.00025,0.222222222222,0.0606060606061,0.153846153846,2.75808748945,11.0867438068,4.14923814618,8.32865631732,39064,39021,-0.0104764997211,0.0875667438316,-0.43677989452,-0.403130068585,-0.578536291757,5635,5347,37.8565387868,40.647343738,21.4961174752,non_positive_gross,,6,2,-0.263028205801,-0.0891355343564,0.122311968057,0.333333333333
SPY,f008_s032_m012_b0p00050,8,32,12,0.0005,0.222222222222,0.0606060606061,0.153846153846,2.75808748945,11.0867438068,4.14923814618,8.32865631732,39064,39021,-0.0512203629794,0.0397454989666,-0.418148022586,-0.4218604008,-0.495996488952,4889,4806,29.2457907281,30.8705568796,39.8836523923,non_positive_gross,,6,1,-0.240082333954,-0.0920471431002,0.110666923578,0.166666666667
SPY,f008_s032_m012_b0p00100,8,32,12,0.001,0.222222222222,0.0606060606061,0.153846153846,2.75808748945,11.0867438068,4.14923814618,8.32865631732,39064,39021,-0.0348988845216,0.0424003177457,-0.318302897458,-0.32519366617,-0.43677082486,3476,3459,18.0518182517,17.7442915353,64.203890213,non_positive_gross,,6,2,-0.216767964145,-0.0717955664906,0.131594039947,0.333333333333
SPY,f012_s020_m006_b0p00000,12,20,6,0,0.153846153846,0.0952380952381,0.285714285714,4.14923814618,6.92569172323,2.06004271711,2.77645357704,39064,39039,-0.470628194213,-0.424935973427,-0.743470177972,-1.02438859065,-0.745447880372,7243,3622,48.5873101258,51.4126898742,0,non_positive_gross,,6,1,-0.463700076813,-0.180322499041,0.175657952648,0.166666666667
SPY,f012_s020_m006_b0p00025,12,20,6,0.00025,0.153846153846,0.0952380952381,0.285714285714,4.14923814618,6.92569172323,2.06004271711,2.77645357704,39064,39039,-0.220755597027,-0.195794499945,-0.478521234234,-0.635287707225,-0.488566632773,4016,3989,16.7960244883,16.1607623146,67.0432131971,non_positive_gross,,6,2,-0.282420215847,-0.123550446235,0.182533032456,0.333333333333
SPY,f012_s020_m006_b0p00050,12,20,6,0.0005,0.153846153846,0.0952380952381,0.285714285714,4.14923814618,6.92569172323,2.06004271711,2.77645357704,39064,39039,-0.371005553977,-0.570167319209,-0.478303353874,-0.825026262673,-0.516232401966,1870,1863,6.36542944235,5.94789825559,87.6866723021,non_positive_gross,,6,1,-0.380040334703,-0.0632504163086,0.161142826113,0.166666666667
SPY,f012_s020_m006_b0p00100,12,20,6,0.001,0.153846153846,0.0952380952381,0.285714285714,4.14923814618,6.92569172323,2.06004271711,2.77645357704,39064,39039,-0.315201636076,-0.649342996936,-0.346398852159,-0.73466576716,-0.426294451298,466,464,1.29101667563,1.332001332,97.3769819924,non_positive_gross,,6,1,-0.347336411302,-0.0111824081307,0.146315855904,0.166666666667
SPY,f012_s020_m009_b0p00000,12,20,9,0,0.153846153846,0.0952380952381,0.2,4.14923814618,6.92569172323,3.10628371951,2.77645357704,39064,39036,-0.312927018993,-0.209021610209,-0.632686734515,-0.727356276602,-0.641374585946,6261,3131,48.4270929399,51.5729070601,0,non_positive_gross,,6,1,-0.289754940546,-0.145356384861,0.12029959739,0.166666666667
SPY,f012_s020_m009_b0p00025,12,20,9,0.00025,0.153846153846,0.0952380952381,0.2,4.14923814618,6.92569172323,3.10628371951,2.77645357704,39064,39036,-0.103456630621,-0.0248520707816,-0.419610479781,-0.459900593963,-0.492290954265,4348,4315,22.7174915463,22.7815349933,54.5009734604,non_positive_gross,,6,2,-0.244008210721,-0.123756507841,0.154809966801,0.333333333333
SPY,f012_s020_m009_b0p00050,12,20,9,0.0005,0.153846153846,0.0952380952381,0.2,4.14923814618,6.92569172323,3.10628371951,2.77645357704,39064,39036,-0.175813693795,-0.1598675369,-0.356478193447,-0.455146086546,-0.405353076565,2474,2466,11.3203197049,10.3289271442,78.3507531509,non_positive_gross,,6,1,-0.278715025242,-0.0522552205769,0.156760646856,0.166666666667
SPY,f012_s020_m009_b0p00100,12,20,9,0.001,0.153846153846,0.0952380952381,0.2,4.14923814618,6.92569172323,3.10628371951,2.77645357704,39064,39036,-0.324961465334,-0.570602364166,-0.380469853445,-0.706867041699,-0.4337213052,858,855,3.03822112921,2.98698637155,93.9747924992,non_positive_gross,,6,1,-0.322511731013,-0.0171033689924,0.126242569325,0.166666666667
SPY,f012_s020_m012_b0p00000,12,20,12,0,0.153846153846,0.0952380952381,0.153846153846,4.14923814618,6.92569172323,4.14923814618,2.77645357704,39064,39033,-0.0886455859498,0.0247658961803,-0.483881350498,-0.446020828179,-0.631275261963,5685,2843,48.4231291471,51.5768708529,0,non_positive_gross,,6,1,-0.227414868907,-0.135455099255,0.134932931739,0.166666666667
SPY,f012_s020_m012_b0p00025,12,20,12,0.00025,0.153846153846,0.0952380952381,0.153846153846,4.14923814618,6.92569172323,4.14923814618,2.77645357704,39064,39033,0.0327758532038,0.118581560119,-0.329683468809,-0.298854305199,-0.452171185605,4322,4278,26.1009914688,26.9464299439,46.9525785873,root_found,0.0746126052922,6,1,-0.236150773374,-0.038282196579,0.120031736825,0.166666666667
SPY,f012_s020_m012_b0p00050,12,20,12,0.0005,0.153846153846,0.0952380952381,0.153846153846,4.14923814618,6.92569172323,4.14923814618,2.77645357704,39064,39033,0.0310822377711,0.109897479024,-0.214657266871,-0.194710125401,-0.381378568036,2722,2713,14.5645991853,13.7422181231,71.6931826916,root_found,0.112437124134,6,2,-0.199370838855,-0.0499280849001,0.130997597976,0.333333333333
SPY,f012_s020_m012_b0p00100,12,20,12,0.001,0.153846153846,0.0952380952381,0.153846153846,4.14923814618,6.92569172323,4.14923814618,2.77645357704,39064,39033,-0.32742763211,-0.48929783717,-0.402061037232,-0.652419004441,-0.452235960565,1176,1174,4.96502959035,4.67809289575,90.3568775139,non_positive_gross,,6,1,-0.31402274747,-0.0451871097402,0.123843902096,0.166666666667
SPY,f012_s026_m006_b0p00000,12,26,6,0,0.153846153846,0.0740740740741,0.285714285714,4.14923814618,9.006468342,2.06004271711,4.85723019582,39064,39033,-0.442338100157,-0.381892732135,-0.723028014708,-0.96107711418,-0.731685339598,6997,3499,48.5332923424,51.4667076576,0,non_positive_gross,,6,1,-0.348247452531,-0.204357853403,0.134791000641,0.166666666667
SPY,f012_s026_m006_b0p00025,12,26,6,0.00025,0.153846153846,0.0740740740741,0.285714285714,4.14923814618,9.006468342,2.06004271711,4.85723019582,39064,39033,-0.221522989609,-0.167813334825,-0.519379406318,-0.652598134483,-0.544165071345,4822,4758,23.0189839367,23.1137755233,53.8672405401,non_positive_gross,,6,2,-0.282021712587,-0.143639658577,0.160119717491,0.333333333333
SPY,f012_s026_m006_b0p00050,12,26,6,0.0005,0.153846153846,0.0740740740741,0.285714285714,4.14923814618,9.006468342,2.06004271711,4.85723019582,39064,39033,-0.104091523555,-0.0575326365103,-0.322772342672,-0.387065697997,-0.427135325733,2798,2785,11.620936131,10.6858299388,77.6932339303,non_positive_gross,,6,2,-0.306494581901,-0.0526625264965,0.164642776218,0.333333333333
SPY,f012_s026_m006_b0p00100,12,26,6,0.001,0.153846153846,0.0740740740741,0.285714285714,4.14923814618,9.006468342,2.06004271711,4.85723019582,39064,39033,-0.427207728052,-0.798360393737,-0.482047754363,-0.952076851168,-0.514222087676,1006,1002,3.27671457485,3.2049804012,93.518305024,non_positive_gross,,6,1,-0.402695114532,-0.0277413558393,0.157973814145,0.166666666667
SPY,f012_s026_m009_b0p00000,12,26,9,0,0.153846153846,0.0740740740741,0.2,4.14923814618,9.006468342,3.10628371951,4.85723019582,39064,39030,-0.0712774889267,0.0404048872817,-0.486517448968,-0.450267220763,-0.62406428223,5925,2963,48.4832180374,51.5167819626,0,non_positive_gross,,6,1,-0.244770738672,-0.114924573496,0.121470720339,0.166666666667
SPY,f012_s026_m009_b0p00025,12,26,9,0.00025,0.153846153846,0.0740740740741,0.2,4.14923814618,9.006468342,3.10628371951,4.85723019582,39064,39030,-0.0482876948718,0.0426807369558,-0.412900615088,-0.413263368012,-0.49838274259,4830,4763,28.6215731489,30.0307455803,41.3476812708,non_positive_gross,,6,1,-0.21434075514,-0.0849846314829,0.108761710481,0.166666666667
SPY,f012_s026_m009_b0p00050,12,26,9,0.0005,0.153846153846,0.0740740740741,0.2,4.14923814618,9.006468342,3.10628371951,4.85723019582,39064,39030,-0.0423940885392,0.0337684530797,-0.312823175497,-0.318135647089,-0.45592810386,3318,3303,17.2892646682,16.8665129388,65.844222393,non_positive_gross,,6,2,-0.218564919064,-0.0509655188533,0.139516081524,0.333333333333
SPY,f012_s026_m009_b0p00100,12,26,9,0.001,0.153846153846,0.0740740740741,0.2,4.14923814618,9.006468342,3.10628371951,4.85723019582,39064,39030,-0.310659033482,-0.42355079726,-0.410841137613,-0.629398348047,-0.465166921853,1570,1565,6.94081475788,6.40020497054,86.6589802716,non_positive_gross,,6,1,-0.281255606102,-0.0769974713243,0.123753823748,0.166666666667
SPY,f012_s026_m012_b0p00000,12,26,12,0,0.153846153846,0.0740740740741,0.153846153846,4.14923814618,9.006468342,4.14923814618,4.85723019582,39064,39027,-0.0107399883361,0.0927070724317,-0.41430614322,-0.341386699436,-0.595138144268,5241,2621,48.4715709637,51.5284290363,0,non_positive_gross,,6,2,-0.257878871796,-0.0754510025986,0.144227802075,0.333333333333
SPY,f012_s026_m012_b0p00025,12,26,12,0.00025,0.153846153846,0.0740740740741,0.153846153846,4.14923814618,9.006468342,4.14923814618,4.85723019582,39064,39027,0.119566433292,0.195420546467,-0.294469242315,-0.225399276638,-0.49936605927,4617,4538,31.6857560151,33.8919209778,34.4223230071,root_found,0.244605930417,6,2,-0.232022935252,-0.0544059184207,0.114173068997,0.333333333333
SPY,f012_s026_m012_b0p00050,12,26,12,0.0005,0.153846153846,0.0740740740741,0.153846153846,4.14923814618,9.006468342,4.14923814618,4.85723019582,39064,39027,0.205459462803,0.271573710948,-0.149879212774,-0.0787301145075,-0.452411403039,3492,3476,21.011094883,21.1981448741,57.7907602429,root_found,0.535065986013,6,3,-0.206996903247,-0.0116347951264,0.156069952578,0.5
SPY,f012_s026_m012_b0p00100,12,26,12,0.001,0.153846153846,0.0740740740741,0.153846153846,4.14923814618,9.006468342,4.14923814618,4.85723019582,39064,39027,-0.157635915129,-0.139749785846,-0.302862633274,-0.370461664137,-0.392910859781,1892,1889,9.94183513978,8.99889819868,81.0592666615,non_positive_gross,,6,1,-0.16858980683,-0.0684198421292,0.105659956759,0.166666666667
SPY,f012_s032_m006_b0p00000,12,32,6,0,0.153846153846,0.0606060606061,0.285714285714,4.14923814618,11.0867438068,2.06004271711,6.93750566059,39064,39027,-0.300668650272,-0.194384279035,-0.641873326524,-0.748299832561,-0.643371977548,6691,3346,48.5279421939,51.4720578061,0,non_positive_gross,,6,1,-0.306395623184,-0.182658076423,0.132825453395,0.166666666667
SPY,f012_s032_m006_b0p00025,12,32,6,0.00025,0.153846153846,0.0606060606061,0.285714285714,4.14923814618,11.0867438068,2.06004271711,6.93750566059,39064,39027,-0.13565149848,-0.0550375369644,-0.483270057098,-0.555440519848,-0.50138393209,5144,5062,26.1280651856,26.8122069337,47.0597278807,non_positive_gross,,6,1,-0.251724193018,-0.137161194752,0.153349133349,0.166666666667
SPY,f012_s032_m006_b0p00050,12,32,6,0.0005,0.153846153846,0.0606060606061,0.285714285714,4.14923814618,11.0867438068,2.06004271711,6.93750566059,39064,39027,-0.119074895034,-0.0658357665898,-0.36352538163,-0.428865171875,-0.41815818933,3250,3235,14.7000794322,13.8468239936,71.4530965742,non_positive_gross,,6,2,-0.197734737004,-0.106562975537,0.161138311908,0.333333333333
SPY,f012_s032_m006_b0p00100,12,32,6,0.001,0.153846153846,0.0606060606061,0.285714285714,4.14923814618,11.0867438068,2.06004271711,6.93750566059,39064,39027,-0.422847750178,-0.708411206756,-0.49756953961,-0.901941854655,-0.529825471214,1386,1380,5.04010044328,4.87611141005,90.0837881467,non_positive_gross,,6,1,-0.403697686865,-0.0329236007168,0.160621012003,0.166666666667
SPY,f012_s032_m009_b0p00000,12,32,9,0,0.153846153846,0.0606060606061,0.2,4.14923814618,11.0867438068,3.10628371951,6.93750566059,39064,39024,-0.0983311419642,0.0159090611988,-0.483715213059,-0.44578149527,-0.590196383372,5575,2788,48.5675481755,51.4324518245,0,non_positive_gross,,6,2,-0.250374862346,-0.112632149431,0.13303692914,0.333333333333
SPY,f012_s032_m009_b0p00025,12,32,9,0.00025,0.153846153846,0.0606060606061,0.2,4.14923814618,11.0867438068,3.10628371951,6.93750566059,39064,39024,0.0452367412183,0.132952875374,-0.358349885057,-0.31039973194,-0.515646665251,4879,4776,31.5344403444,33.602398524,34.8631611316,root_found,0.0906752795214,6,2,-0.278574652137,-0.0581468504083,0.131251328363,0.333333333333
SPY,f012_s032_m009_b0p00050,12,32,9,0.0005,0.153846153846,0.0606060606061,0.2,4.14923814618,11.0867438068,3.10628371951,6.93750566059,39064,39024,0.0996921669718,0.179886589984,-0.239683827363,-0.198751907581,-0.416561365614,3690,3675,20.7282697827,20.7846453465,58.4870848708,root_found,0.25750857332,6,2,-0.212200350665,-0.0620918233704,0.133505716676,0.333333333333
SPY,f012_s032_m009_b0p00100,12,32,9,0.001,0.153846153846,0.0606060606061,0.2,4.14923814618,11.0867438068,3.10628371951,6.93750566059,39064,39024,-0.200700006152,-0.208975193683,-0.342585537621,-0.450940516143,-0.384221553825,1954,1950,9.67097170972,8.79458794588,81.5344403444,non_positive_gross,,6,1,-0.196414221349,-0.0764146911738,0.109872624304,0.166666666667
SPY,f012_s032_m012_b0p00000,12,32,12,0,0.153846153846,0.0606060606061,0.153846153846,4.14923814618,11.0867438068,4.14923814618,6.93750566059,39064,39021,0.225238885515,0.26994086229,-0.257106351525,-0.144495601689,-0.513191134738,5003,2502,48.3918915456,51.6081084544,0,root_found,0.406021153793,6,2,-0.195582407531,-0.0623154932413,0.145015556752,0.333333333333
SPY,f012_s032_m012_b0p00025,12,32,12,0.00025,0.153846153846,0.0606060606061,0.153846153846,4.14923814618,11.0867438068,4.14923814618,6.93750566059,39064,39021,0.178769000682,0.241199252271,-0.258785072027,-0.172758736599,-0.498158397468,4639,4537,34.576253812,37.277363471,28.146382717,root_found,0.354524025061,6,2,-0.235443698314,-0.0422407988503,0.123001946093,0.333333333333
SPY,f012_s032_m012_b0p00050,12,32,12,0.0005,0.153846153846,0.0606060606061,0.153846153846,4.14923814618,11.0867438068,4.14923814618,6.93750566059,39064,39021,0.501240867205,0.481450405191,0.0369291447372,0.122078778357,-0.38634090586,3700,3679,24.8404705159,25.3735168243,49.7860126598,root_found,1.09799676156,6,3,-0.156341389409,0.000391722110242,0.119324654846,0.5
SPY,f012_s032_m012_b0p00100,12,32,12,0.001,0.153846153846,0.0606060606061,0.153846153846,4.14923814618,11.0867438068,4.14923814618,6.93750566059,39064,39021,0.0211691729629,0.0977830141257,-0.183298664254,-0.158907819269,-0.324904231531,2234,2229,13.0775736142,12.2344378668,74.687988519,root_found,0.0937616682185,6,2,-0.141895957811,-0.0309047622005,0.090099599922,0.333333333333
SPY,f016_s020_m006_b0p00000,16,20,6,0,0.117647058824,0.0952380952381,0.285714285714,5.53794962479,6.92569172323,2.06004271711,1.38774209843,39064,39039,-0.373651941419,-0.28562998354,-0.681036687325,-0.844120212711,-0.68747033046,6747,3374,48.505340813,51.494659187,0,non_positive_gross,,6,1,-0.315294025697,-0.177802903942,0.131982704598,0.166666666667
SPY,f016_s020_m006_b0p00025,16,20,6,0.00025,0.117647058824,0.0952380952381,0.285714285714,5.53794962479,6.92569172323,2.06004271711,1.38774209843,39064,39039,-0.448876723925,-0.788017197968,-0.519268822021,-0.981888556625,-0.552075379279,1366,1361,4.78239709009,4.52624298778,90.6913599221,non_positive_gross,,6,1,-0.40773535531,-0.0485360023266,0.158966032892,0.166666666667
SPY,f016_s020_m006_b0p00050,16,20,6,0.0005,0.117647058824,0.0952380952381,0.285714285714,5.53794962479,6.92569172323,2.06004271711,1.38774209843,39064,39039,-0.264487519561,-0.639884356934,-0.284522745377,-0.70057261164,-0.365438736168,276,275,0.822254668409,0.891416276032,98.2863290556,non_positive_gross,,6,2,-0.322682670691,-0.00238509305491,0.138001962334,0.333333333333
SPY,f016_s020_m006_b0p00100,16,20,6,0.001,0.117647058824,0.0952380952381,0.285714285714,5.53794962479,6.92569172323,2.06004271711,1.38774209843,39064,39039,-0.175311457848,-0.582297975848,-0.178617469455,-0.594420577244,-0.219016803949,40,40,0.107584722969,0.0717231486462,99.8206921284,non_positive_gross,,6,1,-0.200930970822,0,0.08517034528,0.166666666667
SPY,f016_s020_m009_b0p00000,16,20,9,0,0.117647058824,0.0952380952381,0.2,5.53794962479,6.92569172323,3.10628371951,1.38774209843,39064,39036,-0.105896320155,0.00893600822757,-0.496881963611,-0.467141369925,-0.616012776371,5749,2875,48.4706424839,51.5293575161,0,non_positive_gross,,6,1,-0.241857778648,-0.135585545451,0.116584147725,0.166666666667
SPY,f016_s020_m009_b0p00025,16,20,9,0.00025,0.117647058824,0.0952380952381,0.2,5.53794962479,6.92569172323,3.10628371951,1.38774209843,39064,39036,-0.244923536923,-0.278917121877,-0.37560075343,-0.513836698801,-0.420221181099,1900,1895,9.1658981453,8.39225330464,82.4418485501,non_positive_gross,,6,1,-0.269434401731,-0.0502331510052,0.137952566035,0.166666666667
SPY,f016_s020_m009_b0p00050,16,20,9,0.0005,0.117647058824,0.0952380952381,0.2,5.53794962479,6.92569172323,3.10628371951,1.38774209843,39064,39036,-0.412972885813,-0.884753874908,-0.446617379496,-0.98782201984,-0.497848366968,590,589,2.12624244287,2.13392765652,95.7398299006,non_positive_gross,,6,1,-0.415569846527,-0.0276644254894,0.170041801968,0.166666666667
SPY,f016_s020_m009_b0p00100,16,20,9,0.001,0.117647058824,0.0952380952381,0.2,5.53794962479,6.92569172323,3.10628371951,1.38774209843,39064,39036,-0.281545163829,-0.822332718516,-0.288994199601,-0.848571371317,-0.316429857399,104,104,0.315093759607,0.271544215596,99.4133620248,non_positive_gross,,6,1,-0.270157069652,0,0.108806516156,0.166666666667
SPY,f016_s020_m012_b0p00000,16,20,12,0,0.117647058824,0.0952380952381,0.153846153846,5.53794962479,6.92569172323,4.14923814618,1.38774209843,39064,39033,-0.043265339001,0.0650248204597,-0.425577921317,-0.357461848271,-0.570618891827,5101,2551,48.4000717342,51.5999282658,0,non_positive_gross,,6,2,-0.235012130225,-0.077338407395,0.118225246059,0.333333333333
SPY,f016_s020_m012_b0p00025,16,20,12,0.00025,0.117647058824,0.0952380952381,0.153846153846,5.53794962479,6.92569172323,4.14923814618,1.38774209843,39064,39033,0.0678179555038,0.149126499372,-0.142047546815,-0.104411065336,-0.300679808696,2188,2183,12.4535649322,11.5696974355,75.9767376323,root_found,0.299873960616,6,2,-0.120762749029,-0.0342866425244,0.094091601479,0.333333333333
SPY,f016_s020_m012_b0p00050,16,20,12,0.0005,0.117647058824,0.0952380952381,0.153846153846,5.53794962479,6.92569172323,4.14923814618,1.38774209843,39064,39033,-0.342474538252,-0.586129406556,-0.393648048612,-0.709946608848,-0.432039368777,810,809,3.63794737786,3.43555453078,92.9264980914,non_positive_gross,,6,2,-0.351410063105,-0.0206847347347,0.140223874672,0.333333333333
SPY,f016_s020_m012_b0p00100,16,20,12,0.001,0.117647058824,0.0952380952381,0.153846153846,5.53794962479,6.92569172323,4.14923814618,1.38774209843,39064,39033,-0.237859931801,-0.601271452148,-0.249817822006,-0.638132607646,-0.286834033509,158,158,0.555939845772,0.614864345554,98.8291958087,non_positive_gross,,6,1,-0.246478728268,-0.000529115052476,0.100334050012,0.166666666667
SPY,f016_s026_m006_b0p00000,16,26,6,0,0.117647058824,0.0740740740741,0.285714285714,5.53794962479,9.006468342,2.06004271711,3.46851871721,39064,39033,-0.0710537357935,0.0406078489019,-0.504350060025,-0.479569194428,-0.614903236379,6281,3141,48.4718059078,51.5281940922,0,non_positive_gross,,6,1,-0.286595599707,-0.0946476373898,0.126053485555,0.166666666667
SPY,f016_s026_m006_b0p00025,16,26,6,0.00025,0.117647058824,0.0740740740741,0.285714285714,5.53794962479,9.006468342,2.06004271711,3.46851871721,39064,39033,-0.0866996534669,-0.0244183153319,-0.330162787493,-0.368520967471,-0.418229333785,3100,3088,14.9258319883,14.1367560782,70.9374119335,non_positive_gross,,6,2,-0.224023553516,-0.100294607797,0.159588269727,0.333333333333
SPY,f016_s026_m006_b0p00050,16,26,6,0.0005,0.117647058824,0.0740740740741,0.285714285714,5.53794962479,9.006468342,2.06004271711,3.46851871721,39064,39033,-0.388575579718,-0.627379712112,-0.465380291076,-0.81484506322,-0.509049443899,1342,1336,5.18791791561,4.95734378603,89.8547382984,non_positive_gross,,6,1,-0.40174249434,-0.0383582885401,0.163623836728,0.166666666667
SPY,f016_s026_m006_b0p00100,16,26,6,0.001,0.117647058824,0.0740740740741,0.285714285714,5.53794962479,9.006468342,2.06004271711,3.46851871721,39064,39033,-0.19541813444,-0.425539673143,-0.219195551677,-0.489840724083,-0.280269531042,300,300,0.981221018113,0.973535213793,98.0452437681,non_positive_gross,,6,2,-0.224069232682,-0.00504675950805,0.0934494288017,0.333333333333
SPY,f016_s026_m009_b0p00000,16,26,9,0,0.117647058824,0.0740740740741,0.2,5.53794962479,9.006468342,3.10628371951,3.46851871721,39064,39030,0.111823732079,0.189462916484,-0.343308883966,-0.246654954714,-0.566278963438,5265,2633,48.503715091,51.496284909,0,root_found,0.201332271808,6,3,-0.231034101358,-0.0514196438616,0.142045754578,0.5
SPY,f016_s026_m009_b0p00025,16,26,9,0.00025,0.117647058824,0.0740740740741,0.2,5.53794962479,9.006468342,3.10628371951,3.46851871721,39064,39030,0.293674466873,0.342594760467,-0.0891264005697,-0.00967194422425,-0.407181191764,3508,3493,21.1657699206,21.2913143736,57.5429157059,root_found,0.733929175742,6,3,-0.212195180935,-0.00505239805312,0.150674907959,0.5
SPY,f016_s026_m009_b0p00050,16,26,9,0.0005,0.117647058824,0.0740740740741,0.2,5.53794962479,9.006468342,3.10628371951,3.46851871721,39064,39030,-0.203552202861,-0.209459638432,-0.342439892078,-0.444024677576,-0.392600787498,1916,1913,10.066615424,9.10325390725,80.8301306687,non_positive_gross,,6,1,-0.181915310796,-0.0751524880726,0.113247130945,0.166666666667
SPY,f016_s026_m009_b0p00100,16,26,9,0.001,0.117647058824,0.0740740740741,0.2,5.53794962479,9.006468342,3.10628371951,3.46851871721,39064,39030,-0.442432023135,-0.928643664545,-0.476489310591,-1.03388925637,-0.499163393135,630,629,2.48526774276,2.43658724058,95.0781450167,non_positive_gross,,6,1,-0.438068800498,-0.0209477445233,0.173935075987,0.166666666667
SPY,f016_s026_m012_b0p00000,16,26,12,0,0.117647058824,0.0740740740741,0.153846153846,5.53794962479,9.006468342,4.14923814618,3.46851871721,39064,39027,0.214650114703,0.262756733701,-0.241561087126,-0.127318910221,-0.494152132755,4709,2355,48.3562661747,51.6437338253,0,root_found,0.412926762255,6,2,-0.206148039533,-0.0503964345269,0.134779122079,0.333333333333
SPY,f016_s026_m012_b0p00025,16,26,12,0.00025,0.117647058824,0.0740740740741,0.153846153846,5.53794962479,9.006468342,4.14923814618,3.46851871721,39064,39027,0.393165714519,0.407947371073,-0.0270879756915,0.0606487417468,-0.368827582912,3590,3570,25.2158761883,25.9461398519,48.8379839598,root_found,0.923517393828,6,3,-0.186551419886,0.0120177643131,0.126600058905,0.5
SPY,f016_s026_m012_b0p00050,16,26,12,0.0005,0.117647058824,0.0740740740741,0.153846153846,5.53794962479,9.006468342,4.14923814618,3.46851871721,39064,39027,0.178883993408,0.258666830624,-0.0505380367563,0.0187409973762,-0.339766193228,2164,2160,13.541906885,12.7040254183,73.7540676967,root_found,0.760392267549,6,3,-0.172288784097,0.0150864521222,0.124420611429,0.5
SPY,f016_s026_m012_b0p00100,16,26,12,0.001,0.117647058824,0.0740740740741,0.153846153846,5.53794962479,9.006468342,4.14923814618,3.46851871721,39064,39027,-0.311905442884,-0.502917984304,-0.369505645597,-0.633665076646,-0.404886317572,874,873,4.25090322085,3.94854844082,91.8005483383,non_positive_gross,,6,2,-0.341961661803,-0.0241401358355,0.138134365921,0.333333333333
SPY,f016_s032_m006_b0p00000,16,32,6,0,0.117647058824,0.0606060606061,0.285714285714,5.53794962479,11.0867438068,2.06004271711,5.54879418198,39064,39027,-0.103574847355,0.0110819492327,-0.503670287447,-0.478461585225,-0.586237014359,5911,2956,48.5663771235,51.4336228765,0,non_positive_gross,,6,2,-0.26687987521,-0.105560112887,0.122097311488,0.333333333333
SPY,f016_s032_m006_b0p00025,16,32,6,0.00025,0.117647058824,0.0606060606061,0.285714285714,5.53794962479,11.0867438068,2.06004271711,5.54879418198,39064,39027,0.0469240741547,0.129141116312,-0.285801841849,-0.266701890791,-0.420446724215,3824,3803,20.1552771158,20.0989058857,59.7458169985,root_found,0.119906665881,6,2,-0.23527408954,-0.0722698224471,0.127849113196,0.333333333333
SPY,f016_s032_m006_b0p00050,16,32,6,0.0005,0.117647058824,0.0606060606061,0.285714285714,5.53794962479,11.0867438068,2.06004271711,5.54879418198,39064,39027,-0.26775622631,-0.322523316494,-0.401228193169,-0.574361745995,-0.421630483561,2012,2007,9.23975709124,8.38393932406,82.3763035847,non_positive_gross,,6,1,-0.248188933621,-0.0781075260396,0.119024005456,0.166666666667
SPY,f016_s032_m006_b0p00100,16,32,6,0.001,0.117647058824,0.0606060606061,0.285714285714,5.53794962479,11.0867438068,2.06004271711,5.54879418198,39064,39027,-0.431009577584,-0.889230689622,-0.465118553988,-0.99206593058,-0.504723761479,618,617,2.22410126323,2.17541701899,95.6004817178,non_positive_gross,,6,0,-0.428262598378,-0.012122497636,0.169951874151,0
SPY,f016_s032_m009_b0p00000,16,32,9,0,0.117647058824,0.0606060606061,0.2,5.53794962479,11.0867438068,3.10628371951,5.54879418198,39064,39024,0.115323712766,0.192078599832,-0.325107141805,-0.223994319693,-0.520696852593,5023,2512,48.4394218942,51.5605781058,0,root_found,0.2172869448,6,2,-0.199191946476,-0.104019109775,0.15135291517,0.333333333333
SPY,f016_s032_m009_b0p00025,16,32,9,0.00025,0.117647058824,0.0606060606061,0.2,5.53794962479,11.0867438068,3.10628371951,5.54879418198,39064,39024,0.496972617774,0.473960418786,0.010054833617,0.0977872791089,-0.367678386952,3934,3906,26.7783927839,27.6650266503,45.5565805658,root_found,1.02542724385,6,3,-0.123485751707,-0.00135199066491,0.105679060597,0.5
SPY,f016_s032_m009_b0p00050,16,32,9,0.0005,0.117647058824,0.0606060606061,0.2,5.53794962479,11.0867438068,3.10628371951,5.54879418198,39064,39024,0.0920939042913,0.173549999867,-0.154587675521,-0.105634090796,-0.379279876538,2560,2552,15.0189626896,14.4628946289,70.5181426814,root_found,0.344102538532,6,3,-0.187791088307,0.0108427033251,0.12623086444,0.5
SPY,f016_s032_m009_b0p00100,16,32,9,0.001,0.117647058824,0.0606060606061,0.2,5.53794962479,11.0867438068,3.10628371951,5.54879418198,39064,39024,-0.340239969088,-0.531804477999,-0.408154658106,-0.686104244156,-0.439452344731,1086,1085,5.25317753178,4.86623616236,89.8805863059,non_positive_gross,,6,1,-0.326234586546,-0.0399485759752,0.12806480539,0.166666666667
SPY,f016_s032_m012_b0p00000,16,32,12,0,0.117647058824,0.0606060606061,0.153846153846,5.53794962479,11.0867438068,4.14923814618,5.54879418198,39064,39021,0.295335815449,0.316044855221,-0.170392817262,-0.0530006171253,-0.482058379222,4455,2228,48.3765152098,51.6234847902,0,root_found,0.580782186483,6,2,-0.264237302637,-0.0284878003298,0.172448105425,0.333333333333
SPY,f016_s032_m012_b0p00025,16,32,12,0.00025,0.117647058824,0.0606060606061,0.153846153846,5.53794962479,11.0867438068,4.14923814618,5.54879418198,39064,39021,0.328045977724,0.352979947402,-0.097454977219,-0.00297683029246,-0.398265756494,3862,3821,30.3298224033,32.4953230312,37.1748545655,root_found,0.734539588107,6,3,-0.187529348111,0.00183716083656,0.109123564743,0.5
SPY,f016_s032_m012_b0p00050,16,32,12,0.0005,0.117647058824,0.0606060606061,0.153846153846,5.53794962479,11.0867438068,4.14923814618,5.54879418198,39064,39021,0.612308947157,0.576371230299,0.225621881364,0.292236295398,-0.280742563295,2742,2735,19.1512262628,19.1102227006,61.7385510366,root_found,1.74185461606,6,3,-0.106196645989,0.0273739958742,0.1238550031,0.5
SPY,f016_s032_m012_b0p00100,16,32,12,0.001,0.117647058824,0.0606060606061,0.153846153846,5.53794962479,11.0867438068,4.14923814618,5.54879418198,39064,39021,-0.283985766019,-0.365633575222,-0.377165488885,-0.54557577829,-0.40441239926,1394,1392,8.1238307578,7.49083826657,84.3853309756,non_positive_gross,,6,1,-0.180580581252,-0.0550845013918,0.0893855280294,0.166666666667
