configuration_id,fast_window,slow_window,signal_window,neutral_band,symbol,regime,observations,position_eligible_observations,net_return,net_annualized_volatility,net_sharpe_ratio,invested_exposure_pct,long_exposure_pct,short_exposure_pct,neutral_exposure_pct,turnover
f008_s020_m006_b0p00000,8,20,6,0,SPY,high_volatility,7840,7840,-0.567175350755,0.384324233379,-1.62685836339,100,50.5739795918,49.4260204082,0,1548
f008_s020_m006_b0p00000,8,20,6,0,SPY,normal_volatility,31224,31199,-0.630138175388,0.119342538146,-1.68913632541,100,48.197057598,51.802942402,0,6859
f008_s020_m006_b0p00025,8,20,6,0.00025,SPY,high_volatility,7840,7840,-0.499458787711,0.353537653169,-1.45717994326,81.0076530612,40.9183673469,40.0892857143,18.9923469388,1556
f008_s020_m006_b0p00025,8,20,6,0.00025,SPY,normal_volatility,31224,31199,-0.469037084134,0.0905822795727,-1.42121241178,47.283566781,23.2283085996,24.0552581814,52.716433219,5065
f008_s020_m006_b0p00050,8,20,6,0.0005,SPY,high_volatility,7840,7840,-0.483840791949,0.318989477538,-1.57084756282,62.5255102041,31.7346938776,30.7908163265,37.4744897959,1461
f008_s020_m006_b0p00050,8,20,6,0.0005,SPY,normal_volatility,31224,31199,-0.0989495823187,0.0658187309808,-0.299271945218,21.180166031,11.0612519632,10.1189140678,78.819833969,2783
f008_s020_m006_b0p00100,8,20,6,0.001,SPY,high_volatility,7840,7840,-0.45682542842,0.25094310261,-1.90468852741,33.0102040816,16.3265306122,16.6836734694,66.9897959184,1023
f008_s020_m006_b0p00100,8,20,6,0.001,SPY,normal_volatility,31224,31199,-0.0431595286512,0.0331221691973,-0.262927814813,4.40398730729,2.40071797173,2.00326933556,95.5960126927,783
f008_s020_m009_b0p00000,8,20,9,0,SPY,high_volatility,7840,7838,-0.482794538992,0.384347805886,-1.23959248957,100,50.369992345,49.630007655,0,1377
f008_s020_m009_b0p00000,8,20,9,0,SPY,normal_volatility,31224,31198,-0.481649450008,0.119344315799,-1.09567592201,100,48.0735944612,51.9264055388,0,5780
f008_s020_m009_b0p00025,8,20,9,0.00025,SPY,high_volatility,7840,7838,-0.451844904941,0.360479218154,-1.21161220297,86.2209747385,43.3273794335,42.8935953049,13.7790252615,1354
f008_s020_m009_b0p00025,8,20,9,0.00025,SPY,normal_volatility,31224,31198,-0.451159994687,0.0994530985863,-1.21610610305,59.0742996346,28.5402910443,30.5340085903,40.9257003654,4903
f008_s020_m009_b0p00050,8,20,9,0.0005,SPY,high_volatility,7840,7838,-0.442264362736,0.332139877498,-1.30098198237,72.3016075529,36.5144169431,35.7871906098,27.6983924471,1300
f008_s020_m009_b0p00050,8,20,9,0.0005,SPY,normal_volatility,31224,31198,-0.274373160138,0.079360109563,-0.80833238052,33.1912302071,16.6709404449,16.5202897622,66.8087697929,3390
f008_s020_m009_b0p00100,8,20,9,0.001,SPY,high_volatility,7840,7838,-0.424727305838,0.279696407271,-1.51010729248,47.6397040061,23.9984689972,23.6412350089,52.3602959939,1086
f008_s020_m009_b0p00100,8,20,9,0.001,SPY,normal_volatility,31224,31198,-0.0250944760749,0.0499754126346,-0.0817149827084,10.6865824732,5.80165395218,4.88492852106,89.3134175268,1386
f008_s020_m012_b0p00000,8,20,12,0,SPY,high_volatility,7840,7835,-0.43572529422,0.384391741531,-1.05009956462,100,50.3254626675,49.6745373325,0,1307
f008_s020_m012_b0p00000,8,20,12,0,SPY,normal_volatility,31224,31198,-0.436215917601,0.119322939559,-0.948143531882,100,48.0864157959,51.9135842041,0,5262
f008_s020_m012_b0p00025,8,20,12,0.00025,SPY,high_volatility,7840,7835,-0.262804519869,0.359451429474,-0.527658604843,88.0025526484,44.2501595405,43.7523931078,11.9974473516,1252
f008_s020_m012_b0p00025,8,20,12,0.00025,SPY,normal_volatility,31224,31198,-0.445386726987,0.102837266374,-1.15140498905,65.3118789666,31.3129046734,33.9989742932,34.6881210334,4637
f008_s020_m012_b0p00050,8,20,12,0.0005,SPY,high_volatility,7840,7835,-0.327871745694,0.334789978451,-0.8226699072,76.4390555201,38.315252074,38.1238034461,23.5609444799,1192
f008_s020_m012_b0p00050,8,20,12,0.0005,SPY,normal_volatility,31224,31198,-0.305040632483,0.085767536617,-0.847427036181,40.7141483428,20.1455221489,20.568626194,59.2858516572,3498
f008_s020_m012_b0p00100,8,20,12,0.001,SPY,high_volatility,7840,7835,-0.334067812095,0.298502653758,-0.98714387001,55.5201021059,27.9770261646,27.5430759413,44.4798978941,1071
f008_s020_m012_b0p00100,8,20,12,0.001,SPY,normal_volatility,31224,31198,-0.076949876532,0.0583182703319,-0.258944931544,15.8792230271,8.5037502404,7.37547278672,84.1207769729,1723
f008_s026_m006_b0p00000,8,26,6,0,SPY,high_volatility,7840,7835,-0.485813777136,0.384330210135,-1.25234726453,100,50.5807275048,49.4192724952,0,1489
f008_s026_m006_b0p00000,8,26,6,0,SPY,normal_volatility,31224,31198,-0.554120608987,0.11931614378,-1.36081718877,100,48.0126931214,51.9873068786,0,6448
f008_s026_m006_b0p00025,8,26,6,0.00025,SPY,high_volatility,7840,7835,-0.504063650368,0.358394303974,-1.45417309281,83.9183152521,42.2846202936,41.6336949585,16.0816847479,1509
f008_s026_m006_b0p00025,8,26,6,0.00025,SPY,normal_volatility,31224,31198,-0.441587001733,0.0961597410599,-1.22337280469,54.481056478,26.450413488,28.0306429899,45.518943522,5204
f008_s026_m006_b0p00050,8,26,6,0.0005,SPY,high_volatility,7840,7835,-0.430337941022,0.329601014521,-1.25988955202,68.0025526484,34.5245692406,33.4779834078,31.9974473516,1424
f008_s026_m006_b0p00050,8,26,6,0.0005,SPY,normal_volatility,31224,31198,-0.252579105448,0.0747600854098,-0.779752021538,28.4633630361,14.4464388743,14.0169241618,71.5366369639,3362
f008_s026_m006_b0p00100,8,26,6,0.001,SPY,high_volatility,7840,7835,-0.426496228107,0.273902256337,-1.55727911449,41.4422463306,20.7275047862,20.7147415444,58.5577536694,1113
f008_s026_m006_b0p00100,8,26,6,0.001,SPY,normal_volatility,31224,31198,-0.0840513403981,0.0443926016289,-0.39278734429,8.17360087185,4.42336047183,3.75024040003,91.8263991281,1277
f008_s026_m009_b0p00000,8,26,9,0,SPY,high_volatility,7840,7832,-0.438305484049,0.384374450389,-1.06012099626,100,50.3958120531,49.6041879469,0,1351
f008_s026_m009_b0p00000,8,26,9,0,SPY,normal_volatility,31224,31198,-0.454559001313,0.11932019101,-1.00633575401,100,48.0928264632,51.9071735368,0,5566
f008_s026_m009_b0p00025,8,26,9,0.00025,SPY,high_volatility,7840,7832,-0.414403402879,0.364064258526,-1.04446620894,88.2660878447,44.3564862104,43.9096016343,11.7339121553,1316
f008_s026_m009_b0p00025,8,26,9,0.00025,SPY,normal_volatility,31224,31198,-0.444963091702,0.103681457756,-1.1396461313,65.850375024,31.5565100327,34.2938649913,34.149624976,4889
f008_s026_m009_b0p00050,8,26,9,0.0005,SPY,high_volatility,7840,7832,-0.345944685543,0.3344000026,-0.892160027086,76.4938712972,38.3171603677,38.1767109295,23.5061287028,1242
f008_s026_m009_b0p00050,8,26,9,0.0005,SPY,normal_volatility,31224,31198,-0.330955044309,0.0864599733385,-0.932179533738,41.3968844157,20.5045195205,20.8923648952,58.6031155843,3708
f008_s026_m009_b0p00100,8,26,9,0.001,SPY,high_volatility,7840,7832,-0.304995679805,0.297261779422,-0.872435643503,55.6052093973,28.0260469867,27.5791624106,44.3947906027,1100
f008_s026_m009_b0p00100,8,26,9,0.001,SPY,normal_volatility,31224,31198,-0.0577856403463,0.0595815614424,-0.179836312012,16.5940124367,8.89800628245,7.69600615424,83.4059875633,1856
f008_s026_m012_b0p00000,8,26,12,0,SPY,high_volatility,7840,7829,-0.103806065122,0.384292368687,-0.0450824363275,100,50.1085706987,49.8914293013,0,1201
f008_s026_m012_b0p00000,8,26,12,0,SPY,normal_volatility,31224,31198,-0.424027431632,0.119326760567,-0.910495883562,100,48.0671837938,51.9328162062,0,4992
f008_s026_m012_b0p00025,8,26,12,0.00025,SPY,high_volatility,7840,7829,-0.215829995386,0.36239219684,-0.378024337288,90.2797292119,45.1015455358,45.1781836761,9.7202707881,1167
f008_s026_m012_b0p00025,8,26,12,0.00025,SPY,normal_volatility,31224,31198,-0.37069982154,0.106262607641,-0.861446567078,71.6231809731,34.2137316495,37.4094493237,28.3768190269,4614
f008_s026_m012_b0p00050,8,26,12,0.0005,SPY,high_volatility,7840,7829,-0.253961437448,0.344799768673,-0.536151479445,80.7638267978,40.4777110742,40.2861157236,19.2361732022,1195
f008_s026_m012_b0p00050,8,26,12,0.0005,SPY,normal_volatility,31224,31198,-0.207658924507,0.0924016281085,-0.482390441086,49.3941919354,24.0175652285,25.3766267068,50.6058080646,3635
f008_s026_m012_b0p00100,8,26,12,0.001,SPY,high_volatility,7840,7829,-0.259979657992,0.313354994138,-0.644535886593,62.7921829097,31.3577723847,31.434410525,37.2078170903,1073
f008_s026_m012_b0p00100,8,26,12,0.001,SPY,normal_volatility,31224,31198,-0.091454764634,0.0683225013396,-0.260407037074,23.1809731393,12.0039746138,11.1769985255,76.8190268607,2155
f008_s032_m006_b0p00000,8,32,6,0,SPY,high_volatility,7840,7829,-0.5791078724,0.384374493427,-1.68736627175,100,50.4278962831,49.5721037169,0,1491
f008_s032_m006_b0p00000,8,32,6,0,SPY,normal_volatility,31224,31198,-0.558883995231,0.119350984422,-1.37926893297,100,48.0351304571,51.9648695429,0,6292
f008_s032_m006_b0p00025,8,32,6,0.00025,SPY,high_volatility,7840,7829,-0.494262473346,0.361615985776,-1.39273564222,85.3493421893,42.789628305,42.5597138843,14.6506578107,1487
f008_s032_m006_b0p00025,8,32,6,0.00025,SPY,normal_volatility,31224,31198,-0.432201294632,0.0995410843794,-1.14335670022,58.4396435669,28.1812936727,30.2583498942,41.5603564331,5230
f008_s032_m006_b0p00050,8,32,6,0.0005,SPY,high_volatility,7840,7829,-0.454115253121,0.335471418382,-1.33823093557,70.7497764721,35.7389194022,35.0108570699,29.2502235279,1421
f008_s032_m006_b0p00050,8,32,6,0.0005,SPY,normal_volatility,31224,31198,-0.23233209229,0.0792889320361,-0.660078369965,32.9187768447,16.5651644336,16.3536124111,67.0812231553,3579
f008_s032_m006_b0p00100,8,32,6,0.001,SPY,high_volatility,7840,7829,-0.415092078346,0.281268034842,-1.45071877861,46.1106143824,22.9914420743,23.1191723081,53.8893856176,1130
f008_s032_m006_b0p00100,8,32,6,0.001,SPY,normal_volatility,31224,31198,-0.0410072227601,0.050071587275,-0.150429287798,10.7987691519,5.83050195525,4.96826719662,89.2012308481,1502
f008_s032_m009_b0p00000,8,32,9,0,SPY,high_volatility,7840,7826,-0.363584328381,0.384371474591,-0.788651760288,100,50.2811142346,49.7188857654,0,1291
f008_s032_m009_b0p00000,8,32,9,0,SPY,normal_volatility,31224,31198,-0.458945270222,0.119335856534,-1.02038325533,100,48.0800051285,51.9199948715,0,5356
f008_s032_m009_b0p00025,8,32,9,0.00025,SPY,high_volatility,7840,7826,-0.274818629312,0.3600059375,-0.564382452697,89.2282136468,44.7738308203,44.4543828265,10.7717863532,1235
f008_s032_m009_b0p00025,8,32,9,0.00025,SPY,normal_volatility,31224,31198,-0.421597038541,0.105185964375,-1.03959051046,69.5333034169,33.2040515418,36.3292518751,30.4666965831,4906
f008_s032_m009_b0p00050,8,32,9,0.0005,SPY,high_volatility,7840,7826,-0.280533974478,0.339676737124,-0.63861072508,79.0697674419,39.5093278814,39.5604395604,20.9302325581,1265
f008_s032_m009_b0p00050,8,32,9,0.0005,SPY,normal_volatility,31224,31198,-0.275837820763,0.0899202406603,-0.70818413698,46.3459196102,22.7322264248,23.6136931855,53.6540803898,3831
f008_s032_m009_b0p00100,8,32,9,0.001,SPY,high_volatility,7840,7826,-0.293091063725,0.306810956278,-0.789588144842,59.532328137,29.9386659852,29.5936621518,40.467671863,1103
f008_s032_m009_b0p00100,8,32,9,0.001,SPY,normal_volatility,31224,31198,-0.0403035430614,0.0654326141023,-0.0992094458768,20.6551702032,10.8436438233,9.8115263799,79.3448297968,2105
f008_s032_m012_b0p00000,8,32,12,0,SPY,high_volatility,7840,7823,-0.109670941573,0.384291328864,-0.059351655743,100,49.7890834718,50.2109165282,0,1109
f008_s032_m012_b0p00000,8,32,12,0,SPY,normal_volatility,31224,31198,-0.463690917181,0.119349444043,-1.03574504078,100,48.2018078082,51.7981921918,0,4762
f008_s032_m012_b0p00025,8,32,12,0.00025,SPY,high_volatility,7840,7823,-0.203687005033,0.372452865043,-0.323676126527,91.5249904129,45.698581107,45.8264093059,8.47500958711,1163
f008_s032_m012_b0p00025,8,32,12,0.00025,SPY,normal_volatility,31224,31198,-0.292715164715,0.107653239366,-0.62122488329,75.2387973588,35.8901211616,39.3486761972,24.7612026412,4472
f008_s032_m012_b0p00050,8,32,12,0.0005,SPY,high_volatility,7840,7823,-0.263029370283,0.347416275539,-0.558933855479,82.8710213473,41.1478972261,41.7231241212,17.1289786527,1156
f008_s032_m012_b0p00050,8,32,12,0.0005,SPY,normal_volatility,31224,31198,-0.210481457534,0.0958059878546,-0.469720866233,54.4105391371,26.2612988012,28.1492403359,45.5894608629,3733
f008_s032_m012_b0p00100,8,32,12,0.001,SPY,high_volatility,7840,7823,-0.215093515903,0.322830406466,-0.463852822183,66.4323149687,32.9285440368,33.5037709319,33.5676850313,1041
f008_s032_m012_b0p00100,8,32,12,0.001,SPY,normal_volatility,31224,31198,-0.131492583698,0.0728467291145,-0.369670539808,28.1139816655,14.321430861,13.7925508045,71.8860183345,2435
f012_s020_m006_b0p00000,12,20,6,0,SPY,high_volatility,7840,7840,-0.516325672176,0.384403958451,-1.38502205613,100,50.3826530612,49.6173469388,0,1402
f012_s020_m006_b0p00000,12,20,6,0,SPY,normal_volatility,31224,31199,-0.469622828273,0.119337922593,-1.05541186233,100,48.1361582102,51.8638417898,0,5841
f012_s020_m006_b0p00025,12,20,6,0.00025,SPY,high_volatility,7840,7840,-0.379287442903,0.311897481578,-1.1200734807,65.2423469388,32.8698979592,32.3724489796,34.7576530612,1275
f012_s020_m006_b0p00025,12,20,6,0.00025,SPY,normal_volatility,31224,31199,-0.159870764972,0.070370449443,-0.484258047682,24.8437449918,12.7568191288,12.086925863,75.1562550082,2741
f012_s020_m006_b0p00050,12,20,6,0.0005,SPY,high_volatility,7840,7840,-0.442627376455,0.263672182494,-1.71851285264,37.5,18.5714285714,18.9285714286,62.5,968
f012_s020_m006_b0p00050,12,20,6,0.0005,SPY,normal_volatility,31224,31199,-0.0640074088882,0.0381751732724,-0.344492571493,5.98416615917,3.29818263406,2.68598352511,94.0158338408,902
f012_s020_m006_b0p00100,12,20,6,0.001,SPY,high_volatility,7840,7840,-0.357576338478,0.20256141323,-1.72170222666,11.7729591837,5.53571428571,6.23724489796,88.2270408163,408
f012_s020_m006_b0p00100,12,20,6,0.001,SPY,normal_volatility,31224,31199,0.0173989331174,0.0108010729161,0.340522468304,0.323728324626,0.224366165582,0.0993621590436,99.6762716754,58
f012_s020_m009_b0p00000,12,20,9,0,SPY,high_volatility,7840,7838,-0.378118664481,0.384388410332,-0.838799614002,100,50.1658586374,49.8341413626,0,1239
f012_s020_m009_b0p00000,12,20,9,0,SPY,normal_volatility,31224,31198,-0.409351520128,0.119311559186,-0.866377071183,100,47.9902557856,52.0097442144,0,5022
f012_s020_m009_b0p00025,12,20,9,0.00025,SPY,high_volatility,7840,7838,-0.239936563302,0.335419476842,-0.5142308287,74.8660372544,37.3437101301,37.5223271243,25.1339627456,1135
f012_s020_m009_b0p00025,12,20,9,0.00025,SPY,normal_volatility,31224,31198,-0.236393316404,0.083110374392,-0.639388180862,38.1210333996,19.0428873646,19.078146035,61.8789666004,3213
f012_s020_m009_b0p00050,12,20,9,0.0005,SPY,high_volatility,7840,7838,-0.322333487688,0.293394756586,-0.959729744115,52.6537381985,26.5373819852,26.1163562133,47.3462618015,976
f012_s020_m009_b0p00050,12,20,9,0.0005,SPY,normal_volatility,31224,31198,-0.0503857061526,0.0555390084162,-0.167555135409,13.8598628117,7.49727546638,6.36258734534,86.1401371883,1498
f012_s020_m009_b0p00100,12,20,9,0.001,SPY,high_volatility,7840,7838,-0.366945826419,0.23152388022,-1.53219838461,23.4753763715,11.0870119929,12.3883643787,76.5246236285,614
f012_s020_m009_b0p00100,12,20,9,0.001,SPY,normal_volatility,31224,31198,-0.0213631432982,0.0219523734271,-0.195424622651,1.64113084172,1.01609077505,0.625040066671,98.3588691583,244
f012_s020_m012_b0p00000,12,20,12,0,SPY,high_volatility,7840,7835,-0.143112313653,0.384315806801,-0.142589059357,100,49.9808551372,50.0191448628,0,1129
f012_s020_m012_b0p00000,12,20,12,0,SPY,normal_volatility,31224,31198,-0.397682266036,0.119336714372,-0.831767729386,100,48.0319251234,51.9680748766,0,4556
f012_s020_m012_b0p00025,12,20,12,0.00025,SPY,high_volatility,7840,7835,-0.159849065658,0.343023407337,-0.251287414223,79.4511805999,39.349074665,40.1021059349,20.5488194001,1087
f012_s020_m012_b0p00025,12,20,12,0.00025,SPY,normal_volatility,31224,31198,-0.202147490658,0.0905185336447,-0.478259001557,46.4164369511,22.7738957625,23.6425411885,53.5835630489,3235
f012_s020_m012_b0p00050,12,20,12,0.0005,SPY,high_volatility,7840,7835,-0.149966253734,0.308651813292,-0.283896474504,60.1021059349,30.0319081047,30.0701978302,39.8978940651,942
f012_s020_m012_b0p00050,12,20,12,0.0005,SPY,normal_volatility,31224,31198,-0.0761040528341,0.0647538445165,-0.224129329948,20.321815501,10.6801718059,9.64164369511,79.678184499,1780
f012_s020_m012_b0p00100,12,20,12,0.001,SPY,high_volatility,7840,7835,-0.356144030413,0.26210505889,-1.27064807918,32.8653477983,15.8519463944,17.013401404,67.1346522017,704
f012_s020_m012_b0p00100,12,20,12,0.001,SPY,normal_volatility,31224,31198,-0.0713156497526,0.031930307553,-0.470235483141,3.81114173986,2.23091223796,1.58022950189,96.1888582601,472
f012_s026_m006_b0p00000,12,26,6,0,SPY,high_volatility,7840,7835,-0.467600459402,0.384377447533,-1.17656074068,100,50.2871729419,49.7128270581,0,1377
f012_s026_m006_b0p00000,12,26,6,0,SPY,normal_volatility,31224,31198,-0.479766671134,0.119318416016,-1.08956428397,100,48.0928264632,51.9071735368,0,5620
f012_s026_m006_b0p00025,12,26,6,0.00025,SPY,high_volatility,7840,7835,-0.34453546346,0.332310751345,-0.894456770515,75.047862157,37.6132737715,37.4345883854,24.952137843,1260
f012_s026_m006_b0p00025,12,26,6,0.00025,SPY,normal_volatility,31224,31198,-0.266748135271,0.0841804962159,-0.731307801086,38.8710814796,19.3538047311,19.5172767485,61.1289185204,3562
f012_s026_m006_b0p00050,12,26,6,0.0005,SPY,high_volatility,7840,7835,-0.314746119241,0.296963118303,-0.913347950124,52.8653477983,26.5347798341,26.3305679643,47.1346522017,1096
f012_s026_m006_b0p00050,12,26,6,0.0005,SPY,normal_volatility,31224,31198,-0.0117127734065,0.0568220887176,-0.0150951198043,14.6323482275,7.87550484005,6.7568433874,85.3676517725,1702
f012_s026_m006_b0p00100,12,26,6,0.001,SPY,high_volatility,7840,7835,-0.463916754062,0.24007271834,-2.04779020845,24.6968730057,11.7932354818,12.9036375239,75.3031269943,699
f012_s026_m006_b0p00100,12,26,6,0.001,SPY,normal_volatility,31224,31198,-0.0338212403364,0.0227412987576,-0.306087015213,1.90717353677,1.13789345471,0.769280082057,98.0928264632,307
f012_s026_m009_b0p00000,12,26,9,0,SPY,high_volatility,7840,7832,-0.0418829580485,0.384297990778,0.100216846636,100,49.9233912155,50.0766087845,0,1137
f012_s026_m009_b0p00000,12,26,9,0,SPY,normal_volatility,31224,31198,-0.464071164013,0.119343190959,-1.03705013269,100,48.1216744663,51.8783255337,0,4788
f012_s026_m009_b0p00025,12,26,9,0.00025,SPY,high_volatility,7840,7832,-0.258925778524,0.348836813529,-0.541939679305,82.5715015322,41.1516853933,41.4198161389,17.4284984678,1147
f012_s026_m009_b0p00025,12,26,9,0.00025,SPY,normal_volatility,31224,31198,-0.207772490396,0.0945875401137,-0.469400687022,52.6476056157,25.4759920508,27.171613565,47.3523943843,3683
f012_s026_m009_b0p00050,12,26,9,0.0005,SPY,high_volatility,7840,7832,-0.198380602876,0.322864803108,-0.409297454399,65.5515832482,32.6098059244,32.9417773238,34.4484167518,1020
f012_s026_m009_b0p00050,12,26,9,0.0005,SPY,normal_volatility,31224,31198,-0.142764225806,0.0715455311059,-0.416017418903,26.2741201359,13.4431694339,12.830950702,73.7258798641,2298
f012_s026_m009_b0p00100,12,26,9,0.001,SPY,high_volatility,7840,7832,-0.390063459581,0.274052519674,-1.36857181959,39.9004085802,19.6118488253,20.2885597549,60.0995914198,812
f012_s026_m009_b0p00100,12,26,9,0.001,SPY,normal_volatility,31224,31198,-0.0340653111524,0.0397746261987,-0.162945434813,6.67350471184,3.75985640105,2.91364831079,93.3264952882,758
f012_s026_m012_b0p00000,12,26,12,0,SPY,high_volatility,7840,7829,-0.0514941338318,0.3842449721,0.0782281358409,100,49.6104227871,50.3895772129,0,1023
f012_s026_m012_b0p00000,12,26,12,0,SPY,normal_volatility,31224,31198,-0.382508977888,0.119329639205,-0.788076300259,100,48.1857811398,51.8142188602,0,4218
f012_s026_m012_b0p00025,12,26,12,0.00025,SPY,high_volatility,7840,7829,-0.0720011410952,0.360007821183,0.00771659785405,85.6175756802,42.1254310895,43.4921445906,14.3824243198,1042
f012_s026_m012_b0p00025,12,26,12,0.00025,SPY,normal_volatility,31224,31198,-0.239728852126,0.0991697767353,-0.530352677246,60.5487531252,29.065965767,31.4827873582,39.4512468748,3575
f012_s026_m012_b0p00050,12,26,12,0.0005,SPY,high_volatility,7840,7829,-0.0133116408766,0.337615176539,0.136897817281,71.1712862435,34.9980840465,36.173202197,28.8287137565,955
f012_s026_m012_b0p00050,12,26,12,0.0005,SPY,normal_volatility,31224,31198,-0.138410036599,0.079801554423,-0.351827656949,34.9413423937,17.5011218668,17.440220527,65.0586576063,2537
f012_s026_m012_b0p00100,12,26,12,0.001,SPY,high_volatility,7840,7829,-0.252262403681,0.290441091058,-0.689450391773,49.0995018521,24.2687444118,24.8307574403,50.9004981479,834
f012_s026_m012_b0p00100,12,26,12,0.001,SPY,normal_volatility,31224,31198,-0.0676711052674,0.0498263934147,-0.27016795376,11.3725238797,6.34656067697,5.02596320277,88.6274761203,1058
f012_s032_m006_b0p00000,12,32,6,0,SPY,high_volatility,7840,7829,-0.401899481318,0.384366636106,-0.923662970911,100,50.2746200026,49.7253799974,0,1305
f012_s032_m006_b0p00000,12,32,6,0,SPY,normal_volatility,31224,31198,-0.401226612769,0.119343745816,-0.842089228508,100,48.0896211296,51.9103788704,0,5386
f012_s032_m006_b0p00025,12,32,6,0.00025,SPY,high_volatility,7840,7829,-0.29829765371,0.340154046346,-0.69865070336,78.7840081747,39.3920040874,39.3920040874,21.2159918253,1281
f012_s032_m006_b0p00025,12,32,6,0.00025,SPY,normal_volatility,31224,31198,-0.263605222878,0.0902175297911,-0.666593309359,46.4549009552,22.799538432,23.6553625232,53.5450990448,3863
f012_s032_m006_b0p00050,12,32,6,0.0005,SPY,high_volatility,7840,7829,-0.341437241261,0.308789192897,-0.974236742279,59.5222889258,29.799463533,29.7228253928,40.4777110742,1114
f012_s032_m006_b0p00050,12,32,6,0.0005,SPY,normal_volatility,31224,31198,-0.033539917154,0.0652993962988,-0.0769778286449,20.7737675492,10.9109558305,9.8628117187,79.2262324508,2136
f012_s032_m006_b0p00100,12,32,6,0.001,SPY,high_volatility,7840,7829,-0.478229349529,0.259451079091,-1.96327218625,33.0054924001,15.7491378209,17.2563545791,66.9945075999,817
f012_s032_m006_b0p00100,12,32,6,0.001,SPY,normal_volatility,31224,31198,-0.0370664583441,0.0327851602989,-0.225341132518,4.12205910635,2.35271491762,1.76934418873,95.8779408936,569
f012_s032_m009_b0p00000,12,32,9,0,SPY,high_volatility,7840,7826,-0.108130959905,0.384275748069,-0.0556369145788,100,49.8466649629,50.1533350371,0,1071
f012_s032_m009_b0p00000,12,32,9,0,SPY,normal_volatility,31224,31198,-0.421120406999,0.119352954088,-0.90141835405,100,48.2466824796,51.7533175204,0,4504
f012_s032_m009_b0p00025,12,32,9,0.00025,SPY,high_volatility,7840,7826,-0.175248307046,0.361137207292,-0.264114409128,85.3948377204,42.2565806287,43.1382570917,14.6051622796,1099
f012_s032_m009_b0p00025,12,32,9,0.00025,SPY,normal_volatility,31224,31198,-0.222008126294,0.0994284631498,-0.480090512795,60.0551317392,28.8447977434,31.2103339958,39.9448682608,3780
f012_s032_m009_b0p00050,12,32,9,0.0005,SPY,high_volatility,7840,7826,-0.0928959573696,0.329130725682,-0.081422912408,70.9302325581,34.89649885,36.0337337082,29.0697674419,1011
f012_s032_m009_b0p00050,12,32,9,0.0005,SPY,normal_volatility,31224,31198,-0.161820323904,0.078987207371,-0.429452323343,34.1335983076,17.1741778319,16.9594204757,65.8664016924,2679
f012_s032_m009_b0p00100,12,32,9,0.001,SPY,high_volatility,7840,7826,-0.337468443762,0.28585613959,-1.0587325589,47.7894198824,23.6391515461,24.1502683363,52.2105801176,851
f012_s032_m009_b0p00100,12,32,9,0.001,SPY,normal_volatility,31224,31198,-0.00772354737026,0.0492705437518,-0.00837741685275,11.1096865184,6.16706199115,4.94262452721,88.8903134816,1103
f012_s032_m012_b0p00000,12,32,12,0,SPY,high_volatility,7840,7823,-0.02864244741,0.38424465436,0.130028472592,100,49.2010737569,50.7989262431,0,1009
f012_s032_m012_b0p00000,12,32,12,0,SPY,normal_volatility,31224,31198,-0.235200625667,0.11929354851,-0.412019060462,100,48.1889864735,51.8110135265,0,3994
f012_s032_m012_b0p00025,12,32,12,0.00025,SPY,high_volatility,7840,7823,-0.0780214326129,0.36551759338,-0.00182834821397,88.0608462227,43.1803655886,44.880480634,11.9391537773,1003
f012_s032_m012_b0p00025,12,32,12,0.00025,SPY,normal_volatility,31224,31198,-0.196060565622,0.103271494943,-0.39179221094,67.7896018976,32.4187447913,35.3708571062,32.2103981024,3636
f012_s032_m012_b0p00050,12,32,12,0.0005,SPY,high_volatility,7840,7823,0.123892787592,0.343935016767,0.45702003193,76.8247475393,37.6581873961,39.1665601432,23.1752524607,930
f012_s032_m012_b0p00050,12,32,12,0.0005,SPY,normal_volatility,31224,31198,-0.0773771696152,0.0873205216253,-0.149874618898,43.5412526444,21.6263863068,21.9148663376,56.4587473556,2770
f012_s032_m012_b0p00100,12,32,12,0.001,SPY,high_volatility,7840,7823,-0.184994925904,0.303383793911,-0.410049670055,56.7557203119,28.2244663173,28.5312539946,43.2442796881,814
f012_s032_m012_b0p00100,12,32,12,0.001,SPY,normal_volatility,31224,31198,0.00208128967954,0.0596132825389,0.037126460967,17.4273991923,9.27944098981,8.14795820245,82.5726008077,1420
f016_s020_m006_b0p00000,16,20,6,0,SPY,high_volatility,7840,7840,-0.433925007343,0.384414146569,-1.04309196675,100,50.3316326531,49.6683673469,0,1330
f016_s020_m006_b0p00000,16,20,6,0,SPY,normal_volatility,31224,31199,-0.436535235061,0.119324724639,-0.949124300409,100,48.046411744,51.953588256,0,5417
f016_s020_m006_b0p00025,16,20,6,0.00025,SPY,high_volatility,7840,7840,-0.498770163437,0.255468827597,-2.12930359279,31.5178571429,15.2551020408,16.262755102,68.4821428571,830
f016_s020_m006_b0p00025,16,20,6,0.00025,SPY,normal_volatility,31224,31199,-0.0408967245949,0.0316217443782,-0.261264702873,3.7276835796,2.15070995865,1.57697362095,96.2723164204,536
f016_s020_m006_b0p00050,16,20,6,0.0005,SPY,high_volatility,7840,7840,-0.303485011198,0.168779725917,-1.7037456808,8.08673469388,3.8137755102,4.27295918367,91.9132653061,261
f016_s020_m006_b0p00050,16,20,6,0.0005,SPY,normal_volatility,31224,31199,0.0272244906807,0.007461421122,0.759127578986,0.112183082791,0.0705150806116,0.0416680021796,99.8878169172,15
f016_s020_m006_b0p00100,16,20,6,0.001,SPY,high_volatility,7840,7840,-0.178617469455,0.118330567695,-1.32693198727,0.892857142857,0.535714285714,0.357142857143,99.1071428571,40
f016_s020_m006_b0p00100,16,20,6,0.001,SPY,normal_volatility,31224,31199,0,0,,0,0,0,100,0
f016_s020_m009_b0p00000,16,20,9,0,SPY,high_volatility,7840,7838,-0.102139805007,0.384298168286,-0.041040871381,100,49.8724164328,50.1275835672,0,1117
f016_s020_m009_b0p00000,16,20,9,0,SPY,normal_volatility,31224,31198,-0.439647687697,0.119353228405,-0.958604192322,100,48.1184691326,51.8815308674,0,4632
f016_s020_m009_b0p00025,16,20,9,0.00025,SPY,high_volatility,7840,7838,-0.352875149078,0.286898380226,-1.12235440966,47.091094667,23.3477928043,23.7433018627,52.908905333,871
f016_s020_m009_b0p00025,16,20,9,0.00025,SPY,normal_volatility,31224,31198,-0.0351178050409,0.0483881756976,-0.130825751097,10.1384704148,5.60292326431,4.53554715046,89.8615295852,1029
f016_s020_m009_b0p00050,16,20,9,0.0005,SPY,high_volatility,7840,7838,-0.424672838146,0.210733855389,-2.08436951648,17.7341158459,8.48430722123,9.24980862465,82.2658841541,467
f016_s020_m009_b0p00050,16,20,9,0.0005,SPY,normal_volatility,31224,31198,-0.0381427174037,0.0175456119659,-0.456305649768,0.875056093339,0.528880056414,0.346176036925,99.1249439067,123
f016_s020_m009_b0p00100,16,20,9,0.001,SPY,high_volatility,7840,7838,-0.287225880935,0.144679364599,-1.88036216331,2.90890533299,1.56927787701,1.33962745598,97.091094667,102
f016_s020_m009_b0p00100,16,20,9,0.001,SPY,normal_volatility,31224,31198,-0.00248089628853,0.00109171343164,-0.476899632049,0.00320533367524,0,0.00320533367524,99.9967946663,2
f016_s020_m012_b0p00000,16,20,12,0,SPY,high_volatility,7840,7835,-0.119229551918,0.384248817725,-0.0828839016068,100,49.5086151883,50.4913848117,0,1019
f016_s020_m012_b0p00000,16,20,12,0,SPY,normal_volatility,31224,31198,-0.34781862864,0.119334447879,-0.691928070569,100,48.1216744663,51.8783255337,0,4082
f016_s020_m012_b0p00025,16,20,12,0.00025,SPY,high_volatility,7840,7835,-0.0871422615566,0.301318302143,-0.100511017588,55.5583918315,27.849393746,27.7089980855,44.4416081685,816
f016_s020_m012_b0p00025,16,20,12,0.00025,SPY,normal_volatility,31224,31198,-0.0601465956266,0.0585014581533,-0.193246569111,16.1035963844,8.58708891596,7.51650746843,83.8964036156,1372
f016_s020_m012_b0p00050,16,20,12,0.0005,SPY,high_volatility,7840,7835,-0.373770957747,0.239489145284,-1.51108900909,26.5092533504,12.5973197192,13.9119336311,73.4907466496,555
f016_s020_m012_b0p00050,16,20,12,0.0005,SPY,normal_volatility,31224,31198,-0.0317409278772,0.0248582410211,-0.259840791853,2.19244823386,1.38790948138,0.804538752484,97.8075517661,255
f016_s020_m012_b0p00100,16,20,12,0.001,SPY,high_volatility,7840,7835,-0.260927683841,0.158916179439,-1.50780024109,5.55201021059,2.62922782387,2.92278238673,94.4479897894,151
f016_s020_m012_b0p00100,16,20,12,0.001,SPY,normal_volatility,31224,31198,0.0150321715368,0.00618982808692,0.508899052843,0.0705173408552,0.0352586704276,0.0352586704276,99.9294826591,7
f016_s026_m006_b0p00000,16,26,6,0,SPY,high_volatility,7840,7835,-0.146832969973,0.384272501821,-0.152101127171,100,49.9808551372,50.0191448628,0,1209
f016_s026_m006_b0p00000,16,26,6,0,SPY,normal_volatility,31224,31198,-0.419047006587,0.119345169587,-0.895199395674,100,48.0928264632,51.9071735368,0,5072
f016_s026_m006_b0p00025,16,26,6,0.00025,SPY,high_volatility,7840,7835,-0.277694324648,0.310785259052,-0.717592250587,60.370134014,30.095724314,30.2744097001,39.629865986,1043
f016_s026_m006_b0p00025,16,26,6,0.00025,SPY,normal_volatility,31224,31198,-0.0726402472471,0.0656737287421,-0.20811938998,21.200076928,11.1160971857,10.0839797423,78.799923072,2057
f016_s026_m006_b0p00050,16,26,6,0.0005,SPY,high_volatility,7840,7835,-0.443565907418,0.259380486187,-1.75666179767,33.4907466496,16.0306317805,17.4601148692,66.5092533504,771
f016_s026_m006_b0p00050,16,26,6,0.0005,SPY,normal_volatility,31224,31198,-0.0392038948513,0.0330815235791,-0.237123723507,4.28232579011,2.46490159626,1.81742419386,95.7176742099,571
f016_s026_m006_b0p00100,16,26,6,0.001,SPY,high_volatility,7840,7835,-0.239136304498,0.173875572537,-1.22420677924,8.99808551372,4.35226547543,4.64582003829,91.0019144863,274
f016_s026_m006_b0p00100,16,26,6,0.001,SPY,normal_volatility,31224,31198,0.0262080487469,0.00876504415961,0.623729883688,0.185909353164,0.13462401436,0.0512853388038,99.8140906468,26
f016_s026_m009_b0p00000,16,26,9,0,SPY,high_volatility,7840,7832,-0.0230349796787,0.384234217455,0.142514526533,100,49.5658835546,50.4341164454,0,1033
f016_s026_m009_b0p00000,16,26,9,0,SPY,normal_volatility,31224,31198,-0.32782535467,0.119311854101,-0.638979560082,100,48.2370664786,51.7629335214,0,4232
f016_s026_m009_b0p00025,16,26,9,0.00025,SPY,high_volatility,7840,7832,0.048820592771,0.337268753498,0.288004103621,71.2589376915,35.0740551583,36.1848825332,28.7410623085,953
f016_s026_m009_b0p00025,16,26,9,0.00025,SPY,normal_volatility,31224,31198,-0.131525824618,0.0797435347709,-0.331199348936,35.2266170908,17.6742098852,17.5524072056,64.7733829092,2555
f016_s026_m009_b0p00050,16,26,9,0.0005,SPY,high_volatility,7840,7832,-0.303304423924,0.288925469608,-0.899017249985,49.3105209397,24.4509703779,24.8595505618,50.6894790603,841
f016_s026_m009_b0p00050,16,26,9,0.0005,SPY,normal_volatility,31224,31198,-0.0561729821436,0.0501428912345,-0.216852756815,11.6033079044,6.45554202192,5.14776588243,88.3966920956,1075
f016_s026_m009_b0p00100,16,26,9,0.001,SPY,high_volatility,7840,7832,-0.464318720768,0.220264497146,-2.25552667062,20.1353421859,9.72931562819,10.4060265577,79.8646578141,486
f016_s026_m009_b0p00100,16,26,9,0.001,SPY,normal_volatility,31224,31198,-0.0227198341524,0.0182392407848,-0.255262974239,1.10263478428,0.666709404449,0.435925379832,98.8973652157,144
f016_s026_m012_b0p00000,16,26,12,0,SPY,high_volatility,7840,7829,-0.0181780944069,0.384251962063,0.153354144202,100,48.9973176651,51.0026823349,0,969
f016_s026_m012_b0p00000,16,26,12,0,SPY,normal_volatility,31224,31198,-0.227518851888,0.119309326873,-0.394370607544,100,48.1953971408,51.8046028592,0,3740
f016_s026_m012_b0p00025,16,26,12,0.00025,SPY,high_volatility,7840,7829,0.100346075385,0.345084092255,0.405356551464,77.5450249074,37.8847873292,39.6602375782,22.4549750926,906
f016_s026_m012_b0p00025,16,26,12,0.00025,SPY,normal_volatility,31224,31198,-0.115812701047,0.0879129791734,-0.249839014022,44.5413167511,22.0366690172,22.5046477338,55.4586832489,2684
f016_s026_m012_b0p00050,16,26,12,0.0005,SPY,high_volatility,7840,7829,-0.072905799422,0.315285484459,-0.0416636270161,57.9767530975,28.8670328267,29.1097202708,42.0232469025,783
f016_s026_m012_b0p00050,16,26,12,0.0005,SPY,normal_volatility,31224,31198,0.0241267420849,0.0607179008114,0.112751217401,18.2832232835,9.69613436759,8.58708891596,81.7167767165,1381
f016_s026_m012_b0p00100,16,26,12,0.001,SPY,high_volatility,7840,7829,-0.359849645055,0.244095380298,-1.40270539141,29.4801379487,14.1397368757,15.3404010729,70.5198620513,565
f016_s026_m012_b0p00100,16,26,12,0.001,SPY,normal_volatility,31224,31198,-0.0150839571782,0.027063639719,-0.104300925606,2.85915763831,1.76934418873,1.08981344958,97.1408423617,309
f016_s032_m006_b0p00000,16,32,6,0,SPY,high_volatility,7840,7829,-0.154236199173,0.384270399446,-0.171066461249,100,49.9297483714,50.0702516286,0,1119
f016_s032_m006_b0p00000,16,32,6,0,SPY,normal_volatility,31224,31198,-0.413158009284,0.119331740037,-0.877578525616,100,48.2242451439,51.7757548561,0,4792
f016_s032_m006_b0p00025,16,32,6,0.00025,SPY,high_volatility,7840,7829,-0.123034651132,0.326310451757,-0.171457420778,69.8556648359,34.640439392,35.2152254439,30.1443351641,1068
f016_s032_m006_b0p00025,16,32,6,0.00025,SPY,normal_volatility,31224,31198,-0.185602761759,0.0782243393963,-0.511621065862,32.8258221681,16.5202897622,16.3055324059,67.1741778319,2756
f016_s032_m006_b0p00050,16,32,6,0.0005,SPY,high_volatility,7840,7829,-0.386931100621,0.283357266142,-1.29938148847,46.40439392,22.8892578873,23.5151360327,53.59560608,893
f016_s032_m006_b0p00050,16,32,6,0.0005,SPY,normal_volatility,31224,31198,-0.0233205314482,0.0478190847998,-0.0796269026207,10.4013077761,5.81447528688,4.58683248926,89.5986922239,1119
f016_s032_m006_b0p00100,16,32,6,0.001,SPY,high_volatility,7840,7829,-0.461915124432,0.221979505498,-2.21948236202,18.3037424958,8.89002426874,9.4137182271,81.6962575042,483
f016_s032_m006_b0p00100,16,32,6,0.001,SPY,normal_volatility,31224,31198,-0.0059533908142,0.016582374564,-0.067255361818,0.910314763767,0.551317392141,0.358997371626,99.0896852362,135
f016_s032_m009_b0p00000,16,32,9,0,SPY,high_volatility,7840,7826,-0.0874028971267,0.384246611338,-0.00568241904429,100,49.1822131357,50.8177868643,0,1029
f016_s032_m009_b0p00000,16,32,9,0,SPY,normal_volatility,31224,31198,-0.260470084696,0.119307365012,-0.47105046459,100,48.253093147,51.746906853,0,3994
f016_s032_m009_b0p00025,16,32,9,0.00025,SPY,high_volatility,7840,7826,0.0782424772957,0.346995002265,0.356168379833,79.2869920777,38.9343214925,40.3526705852,20.7130079223,955
f016_s032_m009_b0p00025,16,32,9,0.00025,SPY,normal_volatility,31224,31198,-0.0632396192086,0.0910190900021,-0.105103150097,48.2114238092,23.7290851978,24.4823386114,51.7885761908,2979
f016_s032_m009_b0p00050,16,32,9,0.0005,SPY,high_volatility,7840,7826,-0.0614431714981,0.317474246432,-0.00681692801563,60.5928954766,30.1431127013,30.4497827754,39.4071045234,841
f016_s032_m009_b0p00050,16,32,9,0.0005,SPY,normal_volatility,31224,31198,-0.0992422634348,0.0655343739622,-0.301892750611,21.6776716456,11.2250785307,10.4525931149,78.3223283544,1719
f016_s032_m009_b0p00100,16,32,9,0.001,SPY,high_volatility,7840,7826,-0.416170453331,0.255452615334,-1.63042249182,33.8998211091,16.5346281625,17.3651929466,66.1001788909,644
f016_s032_m009_b0p00100,16,32,9,0.001,SPY,normal_volatility,31224,31198,0.0137296840677,0.0317076078799,0.106111023143,4.15411244311,2.42323225848,1.73088018463,95.8458875569,442
f016_s032_m012_b0p00000,16,32,12,0,SPY,high_volatility,7840,7823,-0.0153365240254,0.384320833505,0.159702708087,100,48.8815032596,51.1184967404,0,901
f016_s032_m012_b0p00000,16,32,12,0,SPY,normal_volatility,31224,31198,-0.157471356478,0.119294417158,-0.241755489214,100,48.2498878133,51.7501121867,0,3554
f016_s032_m012_b0p00025,16,32,12,0.00025,SPY,high_volatility,7840,7823,0.102161124491,0.357291236386,0.407427647516,83.9831266777,40.815543909,43.1675827688,16.0168733223,886
f016_s032_m012_b0p00025,16,32,12,0.00025,SPY,normal_volatility,31224,31198,-0.181113357453,0.096941157235,-0.384036826393,57.5197128021,27.7004936214,29.8192191807,42.4802871979,2976
f016_s032_m012_b0p00050,16,32,12,0.0005,SPY,high_volatility,7840,7823,0.187953728632,0.330359912874,0.60213962553,68.6565256296,33.7594273297,34.8970982999,31.3434743704,804
f016_s032_m012_b0p00050,16,32,12,0.0005,SPY,normal_volatility,31224,31198,0.03170843428,0.0734359188036,0.125915452501,30.6397846016,15.4881723187,15.1516122828,69.3602153984,1938
f016_s032_m012_b0p00100,16,32,12,0.001,SPY,high_volatility,7840,7823,-0.334719255353,0.277549749527,-1.08638017192,44.0879458008,21.2706122971,22.8173335038,55.9120541992,668
f016_s032_m012_b0p00100,16,32,12,0.001,SPY,normal_volatility,31224,31198,-0.0638019871665,0.0420207859349,-0.308202207789,8.47490223732,4.8272325149,3.64766972242,91.5250977627,726
