configuration_id,short_window,long_window,neutral_band,symbol,calendar_year,observations,position_eligible_observations,gross_return,net_return,net_annualized_volatility,net_sharpe_ratio,net_max_drawdown,turnover,long_exposure_pct,short_exposure_pct,neutral_exposure_pct
s004_l032_d0p0000,4,32,0,SPY,2020,6554,6522,0.282291299139,0.211117023258,0.329294346045,0.747370824485,-0.21775923032,571,58.739650414,41.260349586,0
s004_l032_d0p0000,4,32,0,SPY,2021,6540,6540,0.00342183381624,-0.0569136295179,0.126944801357,-0.398963373946,-0.126560461986,620,60.504587156,39.4801223242,0.0152905198777
s004_l032_d0p0000,4,32,0,SPY,2022,6514,6514,-0.0778198580604,-0.1353514332,0.227008496167,-0.530770078699,-0.289102717443,644,47.0832054037,52.9167945963,0
s004_l032_d0p0000,4,32,0,SPY,2023,6476,6476,0.0219201054389,-0.0393304728135,0.128744488847,-0.250935542172,-0.159779034592,618,56.0376775788,43.9623224212,0
s004_l032_d0p0000,4,32,0,SPY,2024,6516,6516,-0.0365477114212,-0.0953861438008,0.123806164765,-0.752433830174,-0.136156190522,630,58.0417434009,41.9582565991,0
s004_l032_d0p0000,4,32,0,SPY,2025,6464,6464,-0.279191149685,-0.322797738373,0.193935011387,-1.94008291564,-0.339346183329,624,57.5340346535,42.4659653465,0
s004_l032_d0p0005,4,32,0.0005,SPY,2020,6554,6522,0.26515879116,0.193500452622,0.32353489301,0.709633152622,-0.206336548548,583,54.9678012879,37.7184912603,7.3137074517
s004_l032_d0p0005,4,32,0.0005,SPY,2021,6540,6540,0.0373634220939,-0.0237373428173,0.12176451002,-0.13676805843,-0.0974084273569,607,53.7003058104,32.9204892966,13.379204893
s004_l032_d0p0005,4,32,0.0005,SPY,2022,6514,6514,-0.0665578378102,-0.124345905653,0.221247583413,-0.49292488269,-0.26049880427,639,44.7651212772,49.5701565858,5.66472213694
s004_l032_d0p0005,4,32,0.0005,SPY,2023,6476,6476,0.0945871836022,0.0292979408302,0.121482762708,0.30123972072,-0.108273263245,615,50.6948733786,38.3106856084,10.994441013
s004_l032_d0p0005,4,32,0.0005,SPY,2024,6516,6516,0.036598595286,-0.024064775979,0.11748798431,-0.149902378694,-0.144811127196,603,51.2737875998,36.387354205,12.3388581952
s004_l032_d0p0005,4,32,0.0005,SPY,2025,6464,6464,-0.254901944158,-0.299421681763,0.189045532354,-1.81327150927,-0.341806489487,616,51.3768564356,37.0513613861,11.5717821782
s004_l032_d0p0010,4,32,0.001,SPY,2020,6554,6522,0.281431598866,0.208854993305,0.319744964118,0.75420786938,-0.207037781251,583,50.9659613615,34.4832873352,14.5507513033
s004_l032_d0p0010,4,32,0.001,SPY,2021,6540,6540,0.0539329617122,-0.00277226415812,0.114952677556,0.0332705729515,-0.0985634726792,553,46.880733945,27.8440366972,25.2752293578
s004_l032_d0p0010,4,32,0.001,SPY,2022,6514,6514,0.00441776756242,-0.0545530282252,0.215909482105,-0.153285451054,-0.216292370564,605,42.4777402518,46.3463309794,11.1759287688
s004_l032_d0p0010,4,32,0.001,SPY,2023,6476,6476,0.0948375554396,0.035729698219,0.114467913956,0.367533195362,-0.0957920229352,555,45.8153180976,33.5701050031,20.6145768993
s004_l032_d0p0010,4,32,0.001,SPY,2024,6516,6516,0.102891339477,0.0408471646884,0.111048255683,0.417845818143,-0.126922928365,579,44.9662369552,31.1387354205,23.8950276243
s004_l032_d0p0010,4,32,0.001,SPY,2025,6464,6464,-0.214820599926,-0.259069377464,0.181681462087,-1.58188723078,-0.31994810857,580,46.1169554455,32.5340346535,21.349009901
s004_l032_d0p0020,4,32,0.002,SPY,2020,6554,6522,0.146040424297,0.0856854122328,0.312587404808,0.420578981069,-0.215932165845,541,40.9690279056,28.7028518859,30.3281202085
s004_l032_d0p0020,4,32,0.002,SPY,2021,6540,6540,0.104520228396,0.0532815214967,0.104195197622,0.551191311331,-0.084335671803,475,33.8837920489,21.3149847095,44.8012232416
s004_l032_d0p0020,4,32,0.002,SPY,2022,6514,6514,-0.0268977180082,-0.0782395412251,0.201453442302,-0.305913239631,-0.238222251197,542,38.1178999079,40.5894995395,21.2926005527
s004_l032_d0p0020,4,32,0.002,SPY,2023,6476,6476,0.0713456858671,0.0160384790718,0.103182188696,0.207612885925,-0.0905879840152,530,34.7899938233,25.8801729463,39.3298332304
s004_l032_d0p0020,4,32,0.002,SPY,2024,6516,6516,0.0912933322288,0.0402536290932,0.091996387455,0.477287428256,-0.0903301675329,479,33.1338244322,22.3143032535,44.5518723143
s004_l032_d0p0020,4,32,0.002,SPY,2025,6464,6464,-0.0923054957896,-0.136407521227,0.163806777586,-0.825653443873,-0.211686734279,498,35.7518564356,25.1392326733,39.1089108911
s004_l064_d0p0000,4,64,0,SPY,2020,6554,6490,-0.0956897710986,-0.129364528499,0.329394456835,-0.254381050962,-0.394613568679,379,62.5577812018,37.4422187982,0
s004_l064_d0p0000,4,64,0,SPY,2021,6540,6540,0.0856430408685,0.0453708525714,0.126860881513,0.413836994121,-0.0827046579645,378,63.8685015291,36.1314984709,0
s004_l064_d0p0000,4,64,0,SPY,2022,6514,6514,0.260774229495,0.213273777318,0.226937732857,0.970407961753,-0.134318022428,384,47.3902364139,52.6097635861,0
s004_l064_d0p0000,4,64,0,SPY,2023,6476,6476,-0.0477695902954,-0.0862111468137,0.128736910149,-0.644126816782,-0.208372670593,412,58.5392217418,41.4607782582,0
s004_l064_d0p0000,4,64,0,SPY,2024,6516,6516,-0.0143091885884,-0.0510621908003,0.123685806062,-0.36438162491,-0.148536695343,380,60.8962553714,39.1037446286,0
s004_l064_d0p0000,4,64,0,SPY,2025,6464,6464,0.0326224922298,-0.00428164860968,0.193930701976,0.0745743108451,-0.183801077961,364,59.6225247525,40.3774752475,0
s004_l064_d0p0005,4,64,0.0005,SPY,2020,6554,6490,-0.0472699376784,-0.0829223642127,0.326772526889,-0.100078604069,-0.380281128855,381,59.7688751926,35.6086286595,4.62249614792
s004_l064_d0p0005,4,64,0.0005,SPY,2021,6540,6540,0.0750865472248,0.0345849096827,0.12347417242,0.337606614989,-0.0805749621843,384,60.4740061162,32.5688073394,6.95718654434
s004_l064_d0p0005,4,64,0.0005,SPY,2022,6514,6514,0.278827265959,0.233368336405,0.225214171445,1.04946911704,-0.133031148806,362,45.7936751612,51.1974209395,3.00890389929
s004_l064_d0p0005,4,64,0.0005,SPY,2023,6476,6476,-0.0568088604689,-0.0965136877454,0.124317239546,-0.7638034191,-0.206952693592,430,55.5435453984,38.6040765905,5.85237801112
s004_l064_d0p0005,4,64,0.0005,SPY,2024,6516,6516,-0.0073736119674,-0.0462929571465,0.118991832553,-0.341184959312,-0.140163228916,400,57.3818293432,35.8348680172,6.78330263966
s004_l064_d0p0005,4,64,0.0005,SPY,2025,6464,6464,-0.0497031441801,-0.0834891224197,0.18957822888,-0.371264079593,-0.202598151472,362,56.8688118812,37.8712871287,5.2599009901
s004_l064_d0p0010,4,64,0.001,SPY,2020,6554,6490,-0.0511158031365,-0.0857057302648,0.324205333176,-0.112829747844,-0.382784151289,371,57.0878274268,33.7442218798,9.16795069337
s004_l064_d0p0010,4,64,0.001,SPY,2021,6540,6540,0.0760464344077,0.0350973617759,0.120140088198,0.347724528396,-0.0702727963469,388,56.0397553517,29.8165137615,14.1437308869
s004_l064_d0p0010,4,64,0.001,SPY,2022,6514,6514,0.249023232792,0.205342256407,0.222723912776,0.954896769891,-0.128006030523,356,44.5194964691,49.4626957323,6.01780779859
s004_l064_d0p0010,4,64,0.001,SPY,2023,6476,6476,-0.0320934338324,-0.0710763201998,0.121224336471,-0.554696208091,-0.187278289649,411,52.2390364422,35.5466337245,12.2143298332
s004_l064_d0p0010,4,64,0.001,SPY,2024,6516,6516,0.00234637451467,-0.0368576545779,0.115434352476,-0.269562746936,-0.120842504932,399,52.9312461633,32.8268876611,14.2418661756
s004_l064_d0p0010,4,64,0.001,SPY,2025,6464,6464,-0.0918291400731,-0.124992978303,0.185180256115,-0.638169162087,-0.18904127336,372,53.620049505,35.1021039604,11.2778465347
s004_l064_d0p0020,4,64,0.002,SPY,2020,6554,6490,-0.0283569811103,-0.0619038085731,0.318532027592,-0.0398987105597,-0.382635843502,351,52.2033898305,30.8320493066,16.9645608629
s004_l064_d0p0020,4,64,0.002,SPY,2021,6540,6540,0.0580910182746,0.0226209207427,0.115145659464,0.252195888983,-0.0718305032497,341,45.9021406728,25.0305810398,29.0672782875
s004_l064_d0p0020,4,64,0.002,SPY,2022,6514,6514,0.275993615862,0.230999418601,0.218024585493,1.06790790183,-0.104070950349,359,41.909732883,46.3309794289,11.7592876881
s004_l064_d0p0020,4,64,0.002,SPY,2023,6476,6476,-0.000393921518617,-0.037763894062,0.113932344752,-0.28485881183,-0.136091236985,381,45.2748610253,30.1729462631,24.5521927116
s004_l064_d0p0020,4,64,0.002,SPY,2024,6516,6516,-0.036002290405,-0.0714865246246,0.109393518713,-0.627219840581,-0.127970580765,375,45.5954573358,27.3480662983,27.0564763659
s004_l064_d0p0020,4,64,0.002,SPY,2025,6464,6464,-0.100389712442,-0.133762188293,0.178918791705,-0.723940429107,-0.17099546049,378,47.3081683168,29.2543316832,23.4375
s004_l096_d0p0000,4,96,0,SPY,2020,6554,6458,0.293272611513,0.25340608496,0.32923065309,0.848674376508,-0.16542230453,313,62.7748528956,37.2251471044,0
s004_l096_d0p0000,4,96,0,SPY,2021,6540,6540,0.0214165862838,-0.00737981682863,0.126837835462,0.00491891896895,-0.0731568373943,286,66.8042813456,33.1957186544,0
s004_l096_d0p0000,4,96,0,SPY,2022,6514,6514,-0.00233369952363,-0.0337593323422,0.226963780216,-0.0385912740285,-0.15917975369,320,47.0525023027,52.9474976973,0
s004_l096_d0p0000,4,96,0,SPY,2023,6476,6476,0.056490159059,0.021589977023,0.128619144127,0.232337767435,-0.114567215752,336,59.5892526251,40.4107473749,0
s004_l096_d0p0000,4,96,0,SPY,2024,6516,6516,-0.0554765967481,-0.0855943941728,0.123738231071,-0.665400673641,-0.182433876809,324,61.9244935543,38.0755064457,0
s004_l096_d0p0000,4,96,0,SPY,2025,6464,6464,-0.0154709823272,-0.0453351150686,0.193985803918,-0.145359170575,-0.112379394416,308,60.3496287129,39.6503712871,0
s004_l096_d0p0005,4,96,0.0005,SPY,2020,6554,6458,0.349130139904,0.310960582849,0.327661170784,0.988145902632,-0.141720386131,287,60.9941158253,35.3979560235,3.60792815113
s004_l096_d0p0005,4,96,0.0005,SPY,2021,6540,6540,-0.0232914757368,-0.0510199688384,0.124143961939,-0.360518802594,-0.0918314373001,288,64.4801223242,31.0856269113,4.43425076453
s004_l096_d0p0005,4,96,0.0005,SPY,2022,6514,6514,-0.00706307548003,-0.0402638870567,0.224336275252,-0.0719788685672,-0.158999945336,340,45.5787534541,51.4123426466,3.00890389929
s004_l096_d0p0005,4,96,0.0005,SPY,2023,6476,6476,0.0317979910526,-0.00289198738058,0.125575111583,0.0394635008336,-0.12486565924,342,57.0259419395,37.8319950587,5.14206300185
s004_l096_d0p0005,4,96,0.0005,SPY,2024,6516,6516,-0.0489728789159,-0.0789279901663,0.121238578792,-0.621397248269,-0.184049845733,320,59.3308778392,35.8348680172,4.83425414365
s004_l096_d0p0005,4,96,0.0005,SPY,2025,6464,6464,-0.00934498234935,-0.0382375465575,0.19186530782,-0.109962888921,-0.112379394416,296,57.9517326733,37.2679455446,4.78032178218
s004_l096_d0p0010,4,96,0.001,SPY,2020,6554,6458,0.386858341725,0.349236345187,0.325114878773,1.08183591591,-0.112527871266,275,59.1978940849,33.8185196655,6.98358624961
s004_l096_d0p0010,4,96,0.001,SPY,2021,6540,6540,-0.00215427364962,-0.0314503865021,0.12050313362,-0.205418374577,-0.0783307808636,298,61.3914373089,29.2966360856,9.3119266055
s004_l096_d0p0010,4,96,0.001,SPY,2022,6514,6514,0.0279220447335,-0.00565280563521,0.222069937767,0.0854716193862,-0.140093833249,332,43.6905127418,50.030703101,6.2787841572
s004_l096_d0p0010,4,96,0.001,SPY,2023,6476,6476,0.0213352682355,-0.0121180918411,0.121845039274,-0.0403119230379,-0.137689896533,333,54.539839407,35.5311920939,9.92896849907
s004_l096_d0p0010,4,96,0.001,SPY,2024,6516,6516,-0.0511549396545,-0.0813122114576,0.116872827441,-0.671344363576,-0.179564426104,323,56.5377532228,32.934315531,10.5279312462
s004_l096_d0p0010,4,96,0.001,SPY,2025,6464,6464,-0.0394755169466,-0.0689814030832,0.188850626598,-0.289131292141,-0.125378859116,312,55.708539604,34.6070544554,9.68440594059
s004_l096_d0p0020,4,96,0.002,SPY,2020,6554,6458,0.330699781183,0.292524911506,0.318066157149,0.963732136431,-0.137988975874,291,55.4506039021,30.9538556829,13.595540415
s004_l096_d0p0020,4,96,0.002,SPY,2021,6540,6540,-0.056895571583,-0.0866903457951,0.114935311088,-0.732933405668,-0.127831088196,321,54.4495412844,25.3975535168,20.1529051988
s004_l096_d0p0020,4,96,0.002,SPY,2022,6514,6514,0.136373576349,0.102674201913,0.215537374551,0.563947180491,-0.105384210434,301,41.1114522567,47.1599631563,11.728584587
s004_l096_d0p0020,4,96,0.002,SPY,2023,6476,6476,0.0218451779182,-0.00944766312284,0.115476382092,-0.0254199279227,-0.123333885951,311,49.1043854231,31.3928350834,19.5027794935
s004_l096_d0p0020,4,96,0.002,SPY,2024,6516,6516,-0.0336230280232,-0.0645257526103,0.112455059827,-0.540314309231,-0.162664078484,325,51.0128913444,28.7753222836,20.211786372
s004_l096_d0p0020,4,96,0.002,SPY,2025,6464,6464,-0.0168563939049,-0.0430454893859,0.18422290287,-0.14990852529,-0.13656569538,270,51.1912128713,29.7184405941,19.0903465347
s008_l032_d0p0000,8,32,0,SPY,2020,6554,6522,0.335795038259,0.271802273996,0.329246765037,0.895927610096,-0.198596310564,491,58.9236430543,41.0763569457,0
s008_l032_d0p0000,8,32,0,SPY,2021,6540,6540,0.0491953156975,-0.00137470615454,0.126849640907,0.0525695231627,-0.143449782474,494,60.5657492355,39.4342507645,0
s008_l032_d0p0000,8,32,0,SPY,2022,6514,6514,0.0229406698315,-0.0257895934493,0.226979311336,-0.0021999024959,-0.273931854946,488,47.5437519189,52.4562480811,0
s008_l032_d0p0000,8,32,0,SPY,2023,6476,6476,-0.00468872533064,-0.0524718956612,0.128672200252,-0.359470861925,-0.144708711973,492,55.7442865967,44.2557134033,0
s008_l032_d0p0000,8,32,0,SPY,2024,6516,6516,0.0376467171433,-0.00979892217845,0.123712957751,-0.0183486122338,-0.110321972732,468,57.9036218539,42.0963781461,0
s008_l032_d0p0000,8,32,0,SPY,2025,6464,6464,-0.200345391345,-0.239048243483,0.193996045631,-1.33031658151,-0.318373223475,496,57.8743811881,42.1256188119,0
s008_l032_d0p0005,8,32,0.0005,SPY,2020,6554,6522,0.321069350832,0.262816781125,0.323349401313,0.884440804242,-0.196398183309,451,54.2011652867,36.7065317387,9.09230297455
s008_l032_d0p0005,8,32,0.0005,SPY,2021,6540,6540,0.0173327715072,-0.0304417590776,0.121349147182,-0.194542254106,-0.111549437546,481,52.5993883792,31.7737003058,15.626911315
s008_l032_d0p0005,8,32,0.0005,SPY,2022,6514,6514,-0.0404119699522,-0.0865789693877,0.220807302218,-0.302004059506,-0.268470475146,493,44.5194964691,48.6183604544,6.86214307645
s008_l032_d0p0005,8,32,0.0005,SPY,2023,6476,6476,0.0213005426554,-0.0264693695733,0.120732687038,-0.164444724212,-0.134023055189,479,49.5985176035,38.0327362569,12.3687461396
s008_l032_d0p0005,8,32,0.0005,SPY,2024,6516,6516,0.0131364057702,-0.0328938294511,0.116395051982,-0.230926674799,-0.0980715853787,465,50.3990178023,35.5586249233,14.0423572744
s008_l032_d0p0005,8,32,0.0005,SPY,2025,6464,6464,-0.174840994868,-0.213518261536,0.188594736219,-1.1965355116,-0.292335448947,480,50.7889851485,36.5253712871,12.6856435644
s008_l032_d0p0010,8,32,0.001,SPY,2020,6554,6522,0.262125245487,0.205504467756,0.319703719248,0.745617235706,-0.196739145835,459,49.2333639988,33.0420116529,17.7246243484
s008_l032_d0p0010,8,32,0.001,SPY,2021,6540,6540,-0.0332707837707,-0.0760903685421,0.112156486618,-0.650841919325,-0.124535722966,453,44.7400611621,26.6513761468,28.6085626911
s008_l032_d0p0010,8,32,0.001,SPY,2022,6514,6514,0.06861502903,0.020263420529,0.212390687193,0.201298018863,-0.174537251718,463,41.4031317163,45.0875038379,13.5093644458
s008_l032_d0p0010,8,32,0.001,SPY,2023,6476,6476,0.0375205834409,-0.00942310754297,0.11213884211,-0.0293513817035,-0.104539948796,463,44.0086473132,32.4583075973,23.5330450896
s008_l032_d0p0010,8,32,0.001,SPY,2024,6516,6516,0.0712078216256,0.024172699524,0.109070135758,0.274536041521,-0.0947089133789,449,41.9889502762,29.4045426642,28.6065070595
s008_l032_d0p0010,8,32,0.001,SPY,2025,6464,6464,-0.129545983815,-0.168350260335,0.183923550569,-0.923919633433,-0.258598059978,456,44.291460396,30.6775990099,25.0309405941
s008_l032_d0p0020,8,32,0.002,SPY,2020,6554,6522,0.22745129975,0.178608164831,0.308614632707,0.688003121333,-0.185306232152,406,38.2244710212,27.476234284,34.2992946949
s008_l032_d0p0020,8,32,0.002,SPY,2021,6540,6540,0.027154478723,-0.00876881111635,0.0965670398978,-0.0431247888391,-0.105800747616,356,30.0764525994,19.3883792049,50.5351681957
s008_l032_d0p0020,8,32,0.002,SPY,2022,6514,6514,0.0595750484458,0.0150829169182,0.199539856743,0.175298685737,-0.17228154873,429,36.4599324532,39.2078599939,24.332207553
s008_l032_d0p0020,8,32,0.002,SPY,2023,6476,6476,-0.00262888740392,-0.0420277287384,0.0978179995141,-0.395168619054,-0.130928048606,403,31.6399011736,23.5330450896,44.8270537369
s008_l032_d0p0020,8,32,0.002,SPY,2024,6516,6516,0.0212869257395,-0.0141383294561,0.0935629966613,-0.106449183012,-0.0803553282646,353,30.2793124616,19.5825659914,50.138121547
s008_l032_d0p0020,8,32,0.002,SPY,2025,6464,6464,-0.0802742623471,-0.115719166899,0.167844185525,-0.658805528902,-0.180375866814,393,32.4566831683,23.1435643564,44.3997524752
s008_l064_d0p0000,8,64,0,SPY,2020,6554,6490,0.0721299009543,0.0442774477084,0.329312276048,0.297500814276,-0.298184849125,263,62.4653312789,37.5346687211,0
s008_l064_d0p0000,8,64,0,SPY,2021,6540,6540,0.0376205862886,0.00635657581457,0.126806675946,0.113466934728,-0.10040721432,306,63.8837920489,36.1162079511,0
s008_l064_d0p0000,8,64,0,SPY,2022,6514,6514,0.222682195721,0.18702716225,0.226902598711,0.873548104171,-0.0945712278856,296,47.3288302119,52.6711697881,0
s008_l064_d0p0000,8,64,0,SPY,2023,6476,6476,-0.0085040290718,-0.0397281873486,0.128670144614,-0.254412897383,-0.155472145144,320,58.3384805435,41.6615194565,0
s008_l064_d0p0000,8,64,0,SPY,2024,6516,6516,0.017657178992,-0.0108411532965,0.123720149193,-0.0268858027179,-0.117998126759,284,60.7888275015,39.2111724985,0
s008_l064_d0p0000,8,64,0,SPY,2025,6464,6464,-0.0635320625369,-0.0897580120715,0.193992619058,-0.394275444476,-0.194480649386,284,59.5451732673,40.4548267327,0
s008_l064_d0p0005,8,64,0.0005,SPY,2020,6554,6490,0.0563612317538,0.0295250368687,0.324762570871,0.253320874494,-0.299270801032,257,60.1232665639,35.3466872111,4.53004622496
s008_l064_d0p0005,8,64,0.0005,SPY,2021,6540,6540,0.0103677260515,-0.0187067877116,0.122799162741,-0.0926602995248,-0.0871078856831,292,59.8929663609,32.7064220183,7.4006116208
s008_l064_d0p0005,8,64,0.0005,SPY,2022,6514,6514,0.197833723864,0.164062647814,0.224570235536,0.792780117782,-0.109913050597,286,45.7629720602,51.1360147375,3.10101320233
s008_l064_d0p0005,8,64,0.0005,SPY,2023,6476,6476,-0.0482097424647,-0.0783702901431,0.123903363653,-0.604433570422,-0.163173096936,322,54.9876466955,38.9592340951,6.05311920939
s008_l064_d0p0005,8,64,0.0005,SPY,2024,6516,6516,0.00652451260073,-0.0206792911408,0.120946873877,-0.113406937837,-0.136076338672,274,57.2590546347,35.8195211786,6.92142418662
s008_l064_d0p0005,8,64,0.0005,SPY,2025,6464,6464,-0.0329812735492,-0.0589283809529,0.189247014335,-0.23059771201,-0.170459586487,272,56.5439356436,37.5309405941,5.92512376238
s008_l064_d0p0010,8,64,0.001,SPY,2020,6554,6490,0.161823066463,0.130304424007,0.301815149315,0.556434923267,-0.210916146563,275,56.9337442219,33.4822804314,9.58397534669
s008_l064_d0p0010,8,64,0.001,SPY,2021,6540,6540,-0.0124091211706,-0.0431312581152,0.119531497062,-0.309754390684,-0.0972087831759,316,54.9541284404,29.5718654434,15.4740061162
s008_l064_d0p0010,8,64,0.001,SPY,2022,6514,6514,0.21192190433,0.177049046344,0.221418857352,0.851289030236,-0.0946001045395,292,44.3199263126,49.4933988333,6.18667485416
s008_l064_d0p0010,8,64,0.001,SPY,2023,6476,6476,-0.0380408293487,-0.0688958054373,0.120297650622,-0.540191408728,-0.145566195051,326,51.6676961087,35.4231006794,12.9092032119
s008_l064_d0p0010,8,64,0.001,SPY,2024,6516,6516,-0.0345665489622,-0.0634757453762,0.117071442584,-0.504890575011,-0.139840982329,304,52.4094536525,32.7501534684,14.8403928791
s008_l064_d0p0010,8,64,0.001,SPY,2025,6464,6464,-0.0523536522758,-0.0777821915408,0.186027752095,-0.348094293331,-0.170580616858,272,53.1714108911,34.6998762376,12.1287128713
s008_l064_d0p0020,8,64,0.002,SPY,2020,6554,6490,0.0566429167271,0.0278646521224,0.294945426533,0.240481974532,-0.249151548939,276,51.124807396,30.4160246533,18.4591679507
s008_l064_d0p0020,8,64,0.002,SPY,2021,6540,6540,-0.00698585375953,-0.0338230668747,0.112340391801,-0.250684514082,-0.0827015264319,274,44.1437308869,24.3883792049,31.4678899083
s008_l064_d0p0020,8,64,0.002,SPY,2022,6514,6514,0.173211760117,0.139786056366,0.216089455577,0.717158415719,-0.0954717229626,289,41.5566472214,45.8704329137,12.5729198649
s008_l064_d0p0020,8,64,0.002,SPY,2023,6476,6476,-0.00158557192807,-0.030223160914,0.113177679096,-0.217738123952,-0.125579484635,291,44.1785052502,29.5089561458,26.3125386041
s008_l064_d0p0020,8,64,0.002,SPY,2024,6516,6516,-0.0489884668732,-0.0762662757267,0.108311001475,-0.682491782808,-0.125794842291,291,44.152854512,26.2737875998,29.5733578883
s008_l064_d0p0020,8,64,0.002,SPY,2025,6464,6464,-0.0539823590081,-0.0804714345133,0.178280032173,-0.387743498146,-0.175747140158,284,46.333539604,28.7747524752,24.8917079208
s008_l096_d0p0000,8,96,0,SPY,2020,6554,6458,0.423076263826,0.391691526824,0.329184232482,1.16667808282,-0.146678674483,223,62.9606689378,37.0393310622,0
s008_l096_d0p0000,8,96,0,SPY,2021,6540,6540,-0.070210978903,-0.0902624126807,0.126863959362,-0.683613870626,-0.141526286264,218,66.9266055046,33.0733944954,0
s008_l096_d0p0000,8,96,0,SPY,2022,6514,6514,0.048463875029,0.0227832380615,0.226931153868,0.213340038451,-0.122719597258,248,46.8989867977,53.1010132023,0
s008_l096_d0p0000,8,96,0,SPY,2023,6476,6476,-0.00938315539581,-0.0352009697827,0.128745112813,-0.217244135716,-0.146842995939,264,59.6819024089,40.3180975911,0
s008_l096_d0p0000,8,96,0,SPY,2024,6516,6516,-0.0573117184178,-0.0789295740226,0.123681825496,-0.606712244621,-0.183451054296,232,61.5561694291,38.4438305709,0
s008_l096_d0p0000,8,96,0,SPY,2025,6464,6464,0.0424810972566,0.0206081038396,0.193995886652,0.203664742508,-0.14186762398,212,60.3496287129,39.6503712871,0
s008_l096_d0p0005,8,96,0.0005,SPY,2020,6554,6458,0.46120904346,0.430415880046,0.326676644169,1.25708971653,-0.120491696265,213,60.7463611025,35.2121399814,4.04149891607
s008_l096_d0p0005,8,96,0.0005,SPY,2021,6540,6540,-0.0699739675619,-0.091303039031,0.123502836881,-0.714898340584,-0.128429472063,232,64.3119266055,31.4678899083,4.22018348624
s008_l096_d0p0005,8,96,0.0005,SPY,2022,6514,6514,0.0737921238025,0.0476963876869,0.224512027735,0.321022800322,-0.115548500827,246,45.363831747,51.3816395456,3.2545287074
s008_l096_d0p0005,8,96,0.0005,SPY,2023,6476,6476,0.019173043046,-0.00678727850829,0.12584779546,0.00816417348113,-0.119645530578,258,56.9332921557,37.9400864731,5.12662137122
s008_l096_d0p0005,8,96,0.0005,SPY,2024,6516,6516,-0.0474866194441,-0.0700768453302,0.120822866356,-0.544364154734,-0.173748842239,240,58.9318600368,35.8195211786,5.24861878453
s008_l096_d0p0005,8,96,0.0005,SPY,2025,6464,6464,0.00457174672297,-0.0180784612974,0.191437017143,-0.000793772792455,-0.14186762398,228,57.8589108911,37.4690594059,4.67202970297
s008_l096_d0p0010,8,96,0.001,SPY,2020,6554,6458,0.409764784408,0.380603956037,0.31983590995,1.16642379114,-0.126466260464,209,59.0895013936,33.5862496129,7.3242489935
s008_l096_d0p0010,8,96,0.001,SPY,2021,6540,6540,-0.0786966976091,-0.100902740574,0.119797107722,-0.829585672271,-0.138779981446,244,61.0703363914,29.0519877676,9.87767584098
s008_l096_d0p0010,8,96,0.001,SPY,2022,6514,6514,0.10235049367,0.0751300439711,0.221149959479,0.440079905707,-0.11420648985,250,43.5062941357,49.8925391465,6.60116671784
s008_l096_d0p0010,8,96,0.001,SPY,2023,6476,6476,0.0237828904883,-0.00249100626155,0.121408758151,0.0399186654086,-0.119787941403,260,53.8449660284,35.6238418777,10.5311920939
s008_l096_d0p0010,8,96,0.001,SPY,2024,6516,6516,-0.0609620742864,-0.0830489160379,0.118060323008,-0.679537089732,-0.180132518673,238,55.985267035,32.5813382443,11.4333947207
s008_l096_d0p0010,8,96,0.001,SPY,2025,6464,6464,0.00455680829431,-0.0178909628274,0.188091548248,-0.00315860704846,-0.14186762398,226,55.4610148515,34.6379950495,9.90099009901
s008_l096_d0p0020,8,96,0.002,SPY,2020,6554,6458,0.369942618586,0.343083955487,0.313404717703,1.09596133361,-0.126307116216,198,55.2493031898,30.613192939,14.1375038712
s008_l096_d0p0020,8,96,0.002,SPY,2021,6540,6540,-0.096315215388,-0.118096597652,0.114707387225,-1.04023151883,-0.153400566146,244,53.501529052,25.2293577982,21.2691131498
s008_l096_d0p0020,8,96,0.002,SPY,2022,6514,6514,0.0824124682099,0.0566381580165,0.216072005206,0.364557243728,-0.124006489518,241,40.9732883021,46.9603929997,12.0663186982
s008_l096_d0p0020,8,96,0.002,SPY,2023,6476,6476,-0.0209097846815,-0.0436516263352,0.115637769497,-0.332678429629,-0.127531920937,235,48.8727609636,30.9295861643,20.1976528721
s008_l096_d0p0020,8,96,0.002,SPY,2024,6516,6516,-0.0308150452688,-0.0527596946244,0.1122204095,-0.429688244759,-0.155395095624,229,50,28.1767955801,21.8232044199
s008_l096_d0p0020,8,96,0.002,SPY,2025,6464,6464,0.0231421357455,0.00107718675929,0.182581704417,0.0973452736267,-0.14186762398,218,50.3403465347,29.5482673267,20.1113861386
s016_l032_d0p0000,16,32,0,SPY,2020,6554,6522,0.0831797366808,0.0376763500582,0.329342615221,0.278186568252,-0.247121635985,429,58.6629868139,41.3370131861,0
s016_l032_d0p0000,16,32,0,SPY,2021,6540,6540,-0.0127414964075,-0.0531642332765,0.126904255517,-0.367833089682,-0.172350291616,418,60.5657492355,39.4342507645,0
s016_l032_d0p0000,16,32,0,SPY,2022,6514,6514,0.0658376817804,0.0236370907372,0.226932034595,0.217048844408,-0.239239247969,404,48.0042984341,51.9957015659,0
s016_l032_d0p0000,16,32,0,SPY,2023,6476,6476,0.0159389669942,-0.0250810134213,0.128792898603,-0.135151540637,-0.133391755536,412,55.049413218,44.950586782,0
s016_l032_d0p0000,16,32,0,SPY,2024,6516,6516,-0.0446778791167,-0.0837993583781,0.123792464731,-0.649165113435,-0.123493353116,418,57.5659914058,42.4186617557,0.0153468385513
s016_l032_d0p0000,16,32,0,SPY,2025,6464,6464,-0.231874401374,-0.265824041912,0.193935709598,-1.51795940336,-0.313184987378,452,56.9152227723,43.0693069307,0.0154702970297
s016_l032_d0p0005,16,32,0.0005,SPY,2020,6554,6522,0.0828537699053,0.0382082967135,0.319617189413,0.278374708452,-0.207820107104,421,51.1959521619,35.3112542165,13.4927936216
s016_l032_d0p0005,16,32,0.0005,SPY,2021,6540,6540,0.0676071375474,0.0265688961852,0.114674346584,0.28639402498,-0.128737324344,392,48.9449541284,29.6024464832,21.4525993884
s016_l032_d0p0005,16,32,0.0005,SPY,2022,6514,6514,0.0877314701293,0.0450865693353,0.217569580736,0.312713159961,-0.259494658255,400,43.3527786306,47.1139085048,9.5333128646
s016_l032_d0p0005,16,32,0.0005,SPY,2023,6476,6476,0.122001169707,0.0784342913663,0.116409033631,0.714461548559,-0.09299200285,396,46.5719579988,35.994441013,17.4336009883
s016_l032_d0p0005,16,32,0.0005,SPY,2024,6516,6516,0.0347096753295,-0.00606060706541,0.112355423733,0.00158470897,-0.0783554205416,402,46.2093308778,32.7041129527,21.0865561694
s016_l032_d0p0005,16,32,0.0005,SPY,2025,6464,6464,-0.192715322793,-0.224527055391,0.18294127046,-1.31728214357,-0.272973998239,402,47.1844059406,33.0754950495,19.7400990099
s016_l032_d0p0010,16,32,0.001,SPY,2020,6554,6522,0.143868182059,0.0994604521879,0.313027392147,0.460649457224,-0.177571304959,396,43.2076050291,29.6534805274,27.1389144434
s016_l032_d0p0010,16,32,0.001,SPY,2021,6540,6540,-0.00899546063066,-0.0438434881812,0.103020324686,-0.384484342432,-0.159832697145,358,36.9418960245,22.4159021407,40.6422018349
s016_l032_d0p0010,16,32,0.001,SPY,2022,6514,6514,0.0120130910753,-0.0264058844737,0.208320205214,-0.0249834529085,-0.284298232421,387,38.1178999079,42.5391464538,19.3429536383
s016_l032_d0p0010,16,32,0.001,SPY,2023,6476,6476,0.22264185661,0.17728886399,0.103783625922,1.64298592075,-0.0774972341209,378,37.2606547251,27.7794935145,34.9598517603
s016_l032_d0p0010,16,32,0.001,SPY,2024,6516,6516,0.0649985211668,0.0277493797547,0.0983589524794,0.328799830113,-0.0656598653592,356,34.7912829957,24.6009821977,40.6077348066
s016_l032_d0p0010,16,32,0.001,SPY,2025,6464,6464,-0.23315594198,-0.260125056488,0.174276439871,-1.66494990954,-0.278463102496,358,37.8712871287,26.1602722772,35.9684405941
s016_l032_d0p0020,16,32,0.002,SPY,2020,6554,6522,0.135790749046,0.099138053652,0.302030287731,0.465269162766,-0.185391938088,328,29.9601349279,22.4011039558,47.6387611162
s016_l032_d0p0020,16,32,0.002,SPY,2021,6540,6540,-0.0670101735033,-0.0896806055703,0.0845808007389,-1.07064345433,-0.166084407122,246,20.5198776758,13.9755351682,65.504587156
s016_l032_d0p0020,16,32,0.002,SPY,2022,6514,6514,-0.0272564098769,-0.0626908842592,0.185181840216,-0.258976719176,-0.227926435815,371,30.181148296,33.2821614983,36.5366902057
s016_l032_d0p0020,16,32,0.002,SPY,2023,6476,6476,0.102956593222,0.073254528714,0.0790962552346,0.943831136973,-0.0498410245626,273,22.2359481161,15.704138357,62.0599135269
s016_l032_d0p0020,16,32,0.002,SPY,2024,6516,6516,0.0522104881398,0.0253059990461,0.0817609409524,0.348007477716,-0.0713151647277,259,19.7513812155,13.0601596071,67.1884591774
s016_l032_d0p0020,16,32,0.002,SPY,2025,6464,6464,-0.195066632744,-0.218307142459,0.158516730938,-1.49550636568,-0.226282931899,293,22.4938118812,16.4139851485,61.0922029703
s016_l064_d0p0000,16,64,0,SPY,2020,6554,6490,0.0816422376987,0.0586164044906,0.329307204662,0.336169167762,-0.300374878601,215,62.1725731895,37.8274268105,0
s016_l064_d0p0000,16,64,0,SPY,2021,6540,6540,-0.044260857426,-0.0667391374437,0.126854989695,-0.48204860468,-0.104528915011,238,63.2568807339,36.7278287462,0.0152905198777
s016_l064_d0p0000,16,64,0,SPY,2022,6514,6514,0.0140300665641,-0.01001205047,0.226916199675,0.0689255834492,-0.145966746252,240,47.2520724593,52.7325759902,0.0153515505066
s016_l064_d0p0000,16,64,0,SPY,2023,6476,6476,-0.0166824949603,-0.0419208931125,0.128695221665,-0.272324875523,-0.154339017925,260,57.6127239036,42.3872760964,0
s016_l064_d0p0000,16,64,0,SPY,2024,6516,6516,0.00708202808039,-0.0168024463418,0.123710529822,-0.0760304919646,-0.157450086013,240,60.4051565378,39.5948434622,0
s016_l064_d0p0000,16,64,0,SPY,2025,6464,6464,-0.199526314299,-0.218198352556,0.19396344975,-1.18918960188,-0.291576825917,236,59.4987623762,40.5012376238,0
s016_l064_d0p0005,16,64,0.0005,SPY,2020,6554,6490,0.1728769728,0.147234072253,0.323003165221,0.585012051557,-0.255881909049,221,59.4915254237,35.6394453005,4.86902927581
s016_l064_d0p0005,16,64,0.0005,SPY,2021,6540,6540,-0.0741844317153,-0.0970458516018,0.121891070511,-0.778074682261,-0.133008473847,250,58.0428134557,32.5076452599,9.4495412844
s016_l064_d0p0005,16,64,0.0005,SPY,2022,6514,6514,0.0211074225531,-0.00370533482967,0.225089430027,0.096028353229,-0.134984215148,246,45.3177770955,50.7061713233,3.97605158121
s016_l064_d0p0005,16,64,0.0005,SPY,2023,6476,6476,0.0107164096256,-0.0136481728741,0.124196575543,-0.0498515855527,-0.136483917485,244,53.9376158122,38.4187770229,7.64360716492
s016_l064_d0p0005,16,64,0.0005,SPY,2024,6516,6516,-0.0117431698964,-0.0342172459173,0.120327128494,-0.230938979753,-0.15001873479,230,56.875383671,35.6507059546,7.47391037446
s016_l064_d0p0005,16,64,0.0005,SPY,2025,6464,6464,-0.17746569916,-0.195688690939,0.190694482193,-1.06200743725,-0.272133088215,224,56.0024752475,36.9275990099,7.06992574257
s016_l064_d0p0010,16,64,0.001,SPY,2020,6554,6490,0.194746450745,0.168511500558,0.319830529112,0.645077504881,-0.234051451573,222,56.3020030817,33.374422188,10.3235747304
s016_l064_d0p0010,16,64,0.001,SPY,2021,6540,6540,-0.0739475142478,-0.096179649877,0.115706452419,-0.817702089312,-0.127704168017,243,51.8042813456,28.5474006116,19.6483180428
s016_l064_d0p0010,16,64,0.001,SPY,2022,6514,6514,-0.0154100903974,-0.0385683617644,0.22041754341,-0.0691813515938,-0.165215331152,238,43.3681301811,48.6183604544,8.01350936445
s016_l064_d0p0010,16,64,0.001,SPY,2023,6476,6476,0.0288531585232,0.00384988822805,0.118044727455,0.0919603031099,-0.135692047933,246,49.7992588017,34.5583693638,15.6423718345
s016_l064_d0p0010,16,64,0.001,SPY,2024,6516,6516,0.0283820093313,0.00479816671532,0.116337771483,0.0993843947715,-0.115288092846,232,51.2737875998,31.599140577,17.1270718232
s016_l064_d0p0010,16,64,0.001,SPY,2025,6464,6464,-0.13051612546,-0.150285843664,0.185349039455,-0.797792099283,-0.249352753045,230,52.2586633663,33.9727722772,13.7685643564
s016_l064_d0p0020,16,64,0.002,SPY,2020,6554,6490,0.210466960736,0.183178970597,0.312119838097,0.693124071643,-0.207808187325,228,49.0600924499,29.7534668721,21.186440678
s016_l064_d0p0020,16,64,0.002,SPY,2021,6540,6540,-0.0389860761095,-0.0592405035857,0.104660545464,-0.532230219211,-0.115372801211,213,40.0611620795,23.2568807339,36.6819571865
s016_l064_d0p0020,16,64,0.002,SPY,2022,6514,6514,0.0424537795307,0.0187504288383,0.212575977345,0.19428037632,-0.119004150949,230,39.7144611606,44.3506294136,15.9349094259
s016_l064_d0p0020,16,64,0.002,SPY,2023,6476,6476,0.0103517817655,-0.0126222562854,0.109791191642,-0.0621542413153,-0.134712444041,230,40.5651636813,27.6714021001,31.7634342187
s016_l064_d0p0020,16,64,0.002,SPY,2024,6516,6516,-0.05517686272,-0.0759225405789,0.105474531708,-0.700168240634,-0.133360484701,222,40.7151626765,24.1405770411,35.1442602824
s016_l064_d0p0020,16,64,0.002,SPY,2025,6464,6464,-0.123211134622,-0.142978792929,0.174970438396,-0.806201477349,-0.243892159525,228,43.5179455446,27.9238861386,28.5581683168
s016_l096_d0p0000,16,96,0,SPY,2020,6554,6458,0.234189793268,0.212535392689,0.329205237772,0.748110040923,-0.195804202351,177,62.9296995974,37.0703004026,0
s016_l096_d0p0000,16,96,0,SPY,2021,6540,6540,-0.0912274246789,-0.107619450307,0.126867505069,-0.835698251407,-0.17088644783,182,66.0550458716,33.9449541284,0
s016_l096_d0p0000,16,96,0,SPY,2022,6514,6514,-0.0396278800161,-0.0586408042663,0.226920668442,-0.154394132863,-0.181166215832,200,47.3134786613,52.6865213387,0
s016_l096_d0p0000,16,96,0,SPY,2023,6476,6476,0.0793032042455,0.0583490234001,0.128723353394,0.510078065997,-0.110642898011,196,59.5892526251,40.4107473749,0
s016_l096_d0p0000,16,96,0,SPY,2024,6516,6516,0.013169412404,-0.00490628582522,0.123706733514,0.0217474535389,-0.178113776243,180,61.663597299,38.336402701,0
s016_l096_d0p0000,16,96,0,SPY,2025,6464,6464,0.0530287177537,0.0354807592703,0.193993986799,0.279245175297,-0.152356298413,168,60.1794554455,39.8205445545,0
s016_l096_d0p0005,16,96,0.0005,SPY,2020,6554,6458,0.331152251063,0.309233726572,0.326935185296,0.985646031957,-0.153419761255,166,60.9321771446,35.0108392691,4.05698358625
s016_l096_d0p0005,16,96,0.0005,SPY,2021,6540,6540,-0.0762776844112,-0.092846210419,0.122652837123,-0.734577875997,-0.152079647562,181,63.4250764526,31.2232415902,5.35168195719
s016_l096_d0p0005,16,96,0.0005,SPY,2022,6514,6514,-0.0335165750942,-0.0534087014985,0.225618416967,-0.131881600242,-0.183724320866,208,45.4866441511,51.0285538839,3.484801965
s016_l096_d0p0005,16,96,0.0005,SPY,2023,6476,6476,0.0810089015681,0.0598147310514,0.124066857319,0.535766066214,-0.0918715595794,198,56.3465101915,37.5386040766,6.11488573193
s016_l096_d0p0005,16,96,0.0005,SPY,2024,6516,6516,-0.020671683363,-0.038142143279,0.12006935474,-0.265767544586,-0.170229270153,180,58.6556169429,35.3591160221,5.98526703499
s016_l096_d0p0005,16,96,0.0005,SPY,2025,6464,6464,0.0100375509709,-0.00738929835494,0.190904826452,0.0561554243456,-0.152356298413,174,57.2555693069,37.1132425743,5.63118811881
s016_l096_d0p0010,16,96,0.001,SPY,2020,6554,6458,0.298480043757,0.277351348632,0.323532960414,0.916440068244,-0.174202383859,164,58.9965933726,33.5707649427,7.43264168473
s016_l096_d0p0010,16,96,0.001,SPY,2021,6540,6540,-0.0825843841512,-0.100478826603,0.119177171753,-0.830557490903,-0.142790328749,197,60.2905198777,29.1896024465,10.5198776758
s016_l096_d0p0010,16,96,0.001,SPY,2022,6514,6514,-0.0505105919557,-0.0698702682173,0.223955253177,-0.213321476732,-0.186116486078,206,43.6751611913,49.0635554191,7.26128338962
s016_l096_d0p0010,16,96,0.001,SPY,2023,6476,6476,0.108215059302,0.0880132573706,0.120899030012,0.766348608126,-0.081424052353,184,53.4126003706,35.2841260037,11.3032736257
s016_l096_d0p0010,16,96,0.001,SPY,2024,6516,6516,-0.0570098027363,-0.0747558832707,0.116919419323,-0.609879793154,-0.181977967129,190,55.5248618785,31.7833026397,12.6918354819
s016_l096_d0p0010,16,96,0.001,SPY,2025,6464,6464,0.00129454577007,-0.0157840151238,0.188646674118,0.00892565807559,-0.152356298413,172,54.6410891089,34.8236386139,10.5352722772
s016_l096_d0p0020,16,96,0.002,SPY,2020,6554,6458,0.356074731827,0.33402028457,0.319686670972,1.05933374382,-0.171723402635,164,55.001548467,30.5048002478,14.4936512852
s016_l096_d0p0020,16,96,0.002,SPY,2021,6540,6540,-0.0795339457924,-0.0964045515783,0.109253346555,-0.87494664714,-0.133888349145,185,50.3058103976,24.6483180428,25.0458715596
s016_l096_d0p0020,16,96,0.002,SPY,2022,6514,6514,-0.0492745754497,-0.0675402637551,0.220779473267,-0.208188158426,-0.188489988299,194,41.0193429536,45.6555112066,13.3251458397
s016_l096_d0p0020,16,96,0.002,SPY,2023,6476,6476,0.0935779734911,0.0736398606363,0.113585430739,0.689694186087,-0.100865418291,184,47.3440395306,29.9413218036,22.7146386658
s016_l096_d0p0020,16,96,0.002,SPY,2024,6516,6516,-0.0391408592146,-0.0564704303098,0.110046249468,-0.476237711953,-0.156578474901,182,48.4653161449,26.6574585635,24.8772252916
s016_l096_d0p0020,16,96,0.002,SPY,2025,6464,6464,0.02252417069,0.00669385499665,0.180840340599,0.127934273902,-0.152356298413,156,49.7524752475,29.3471534653,20.9003712871
