symbol,configuration_id,short_window,long_window,neutral_band,eligible_observations,non_zero_episode_count,long_episode_count,short_episode_count,median_holding_duration_bars,mean_holding_duration_bars,holding_duration_25th_percentile_bars,holding_duration_75th_percentile_bars,maximum_holding_duration_bars,overnight_carry_episode_count,session_crossing_episode_proportion,whipsaw_count,whipsaw_rate_per_1000_eligible_observations,whipsaw_episode_proportion
SPY,s004_l032_d0p0000,4,32,0,39064,1854,926,928,14,21.0523193096,5,30,148,1014,0.546925566343,417,10.6747900881,0.224919093851
SPY,s004_l032_d0p0005,4,32,0.0005,39064,1832,932,900,12,19.1304585153,5,27,144,920,0.502183406114,271,6.93733360639,0.147925764192
SPY,s004_l032_d0p0010,4,32,0.001,39064,1728,904,824,12,18.1886574074,5,27,132,824,0.476851851852,161,4.12144173664,0.0931712962963
SPY,s004_l032_d0p0020,4,32,0.002,39064,1533,812,721,11,16.1506849315,5,24,116,666,0.434442270059,62,1.58713905386,0.0404435746902
SPY,s004_l064_d0p0000,4,64,0,39064,1149,574,575,19,33.9425587467,5,51,265,688,0.598781549173,252,6.45095228343,0.219321148825
SPY,s004_l064_d0p0005,4,64,0.0005,39064,1160,588,572,18,31.8,6,46,265,686,0.591379310345,157,4.01904566865,0.135344827586
SPY,s004_l064_d0p0010,4,64,0.001,39064,1149,611,538,17,30.1479547433,5,45,265,657,0.57180156658,98,2.50870366578,0.0852915578764
SPY,s004_l064_d0p0020,4,64,0.002,39064,1093,576,517,15,27.78042086,5,41,170,619,0.566331198536,46,1.1775547819,0.0420860018298
SPY,s004_l096_d0p0000,4,96,0,39064,944,472,472,18,41.2796610169,5,59.25,359,570,0.603813559322,202,5.17100143354,0.213983050847
SPY,s004_l096_d0p0005,4,96,0.0005,39064,937,482,455,18,39.7993596585,5,55,334,553,0.590181430096,140,3.58386237968,0.149413020277
SPY,s004_l096_d0p0010,4,96,0.001,39064,937,485,452,17,37.9338313767,5,53,331,543,0.579509071505,100,2.55990169977,0.106723585912
SPY,s004_l096_d0p0020,4,96,0.002,39064,910,474,436,15,35.378021978,5,51,329,502,0.551648351648,51,1.30554986689,0.056043956044
SPY,s008_l032_d0p0000,8,32,0,39064,1465,732,733,21,26.643003413,9,36,191,989,0.675085324232,163,4.17263977063,0.111262798635
SPY,s008_l032_d0p0005,8,32,0.0005,39064,1425,726,699,20,24.1642105263,9,32,144,910,0.638596491228,71,1.81753020684,0.0498245614035
SPY,s008_l032_d0p0010,8,32,0.001,39064,1372,719,653,18,21.9526239067,8,29,129,795,0.57944606414,35,0.895965594921,0.0255102040816
SPY,s008_l032_d0p0020,8,32,0.002,39064,1170,626,544,16,19.5427350427,8,26,114,605,0.517094017094,7,0.179193118984,0.00598290598291
SPY,s008_l064_d0p0000,8,64,0,39064,877,438,439,31,44.4697833523,11,63,276,654,0.745724059293,91,2.3295105468,0.103762827822
SPY,s008_l064_d0p0005,8,64,0.0005,39064,852,443,409,31,43.1854460094,13,62,263,641,0.75234741784,42,1.07515871391,0.0492957746479
SPY,s008_l064_d0p0010,8,64,0.001,39064,893,476,417,27,38.4949608063,10,57,263,628,0.703247480403,18,0.460782305959,0.020156774916
SPY,s008_l064_d0p0020,8,64,0.002,39064,853,474,379,25,34.8007033998,9,51,178,569,0.667057444314,4,0.102396067991,0.00468933177022
SPY,s008_l096_d0p0000,8,96,0,39064,699,349,350,32,55.748211731,12,81,473,532,0.761087267525,57,1.45914396887,0.0815450643777
SPY,s008_l096_d0p0005,8,96,0.0005,39064,709,360,349,29,52.5289139633,10,79,333,518,0.730606488011,39,0.998361662912,0.0550070521862
SPY,s008_l096_d0p0010,8,96,0.001,39064,714,364,350,28,49.512605042,10,74,331,515,0.721288515406,23,0.588777390948,0.0322128851541
SPY,s008_l096_d0p0020,8,96,0.002,39064,683,355,328,27,46.6295754026,9,72,328,473,0.692532942899,3,0.0767970509932,0.00439238653001
SPY,s016_l032_d0p0000,16,32,0,39064,1267,633,634,24,30.8050513023,14,40,245,937,0.73954222573,99,2.53430268278,0.078137332281
SPY,s016_l032_d0p0005,16,32,0.0005,39064,1207,623,584,22,26.8011599006,13,36,144,829,0.686826843413,12,0.307188203973,0.009942004971
SPY,s016_l032_d0p0010,16,32,0.001,39064,1117,598,519,19,23.3742166517,11,31,124,704,0.630259623993,6,0.153594101986,0.0053715308863
SPY,s016_l032_d0p0020,16,32,0.002,39064,885,480,405,17,19.1129943503,9,25,108,497,0.561581920904,0,0,0
SPY,s016_l064_d0p0000,16,64,0,39064,715,357,358,43,54.5426573427,21,76,277,601,0.840559440559,44,1.1263567479,0.0615384615385
SPY,s016_l064_d0p0005,16,64,0.0005,39064,708,364,344,41,51.3672316384,20,71,261,593,0.837570621469,7,0.179193118984,0.00988700564972
SPY,s016_l064_d0p0010,16,64,0.001,39064,706,375,331,38,47.4560906516,19,65,259,585,0.828611898017,3,0.0767970509932,0.0042492917847
SPY,s016_l064_d0p0020,16,64,0.002,39064,676,368,308,33.5,41.4127218935,16,57,239,535,0.791420118343,0,0,0
SPY,s016_l096_d0p0000,16,96,0,39064,552,276,276,50.5,70.5942028986,22,97,475,473,0.856884057971,18,0.460782305959,0.0326086956522
SPY,s016_l096_d0p0005,16,96,0.0005,39064,554,283,271,48,66.7490974729,19,92,474,473,0.853790613718,6,0.153594101986,0.0108303249097
SPY,s016_l096_d0p0010,16,96,0.001,39064,557,287,270,46,62.9928186715,19,86,472,473,0.849192100539,2,0.0511980339955,0.00359066427289
SPY,s016_l096_d0p0020,16,96,0.002,39064,533,292,241,43,58.3170731707,18,82,391,438,0.821763602251,1,0.0255990169977,0.00187617260788
