symbol,configuration_id,short_window,long_window,neutral_band,short_filter_lag_bars,long_filter_lag_bars,lag_spread_bars,observations,position_eligible_observations,gross_cumulative_return,gross_sharpe_ratio,net_cumulative_return,net_sharpe_ratio,net_max_drawdown,total_turnover,position_changing_bars,long_exposure_pct,short_exposure_pct,neutral_exposure_pct,break_even_status,break_even_cost_bps,calendar_years,positive_net_years,worst_annual_net_return,median_annual_net_return,standard_deviation_annual_net_return,positive_net_year_proportion
SPY,s004_l032_d0p0000,4,32,0,1.5,15.5,14,39064,39032,-0.157920150866,-0.0407881382774,-0.418790300528,-0.347797419282,-0.583686432116,3707,1855,56.3255790121,43.6718589875,0.00256200040992,non_positive_gross,,6,1,-0.322797738373,-0.0761498866593,0.172570315469,0.166666666667
SPY,s004_l032_d0p0005,4,32,0.0005,1.5,15.5,14,39064,39032,0.0357090865907,0.128804222955,-0.281973227476,-0.182839379718,-0.494909551546,3663,3368,51.1324041812,38.6580241853,10.2095716335,root_found,0.0957816440402,6,2,-0.299421681763,-0.0239010593982,0.163856088978,0.333333333333
SPY,s004_l032_d0p0010,4,32,0.001,1.5,15.5,14,39064,39032,0.28609814703,0.316264293939,-0.0896326570701,0.0142728918481,-0.373691863547,3455,3364,46.2056773929,34.3179954909,19.4763271162,root_found,0.728225631418,6,3,-0.259069377464,0.0164787170304,0.15264756039,0.5
SPY,s004_l032_d0p0020,4,32,0.002,1.5,15.5,14,39064,39032,0.307202695029,0.339573156866,-0.0378898680298,0.0547900112513,-0.304993024308,3065,3047,36.1088337774,27.3237343718,36.5674318508,root_found,0.873988103541,6,4,-0.136407521227,0.0281460540825,0.0857021426845,0.666666666667
SPY,s004_l064_d0p0000,4,64,0,1.5,31.5,30,39064,39000,0.199682032399,0.252442905391,-0.0465768923006,0.0621353028459,-0.394613568679,2297,1149,58.8128205128,41.1871794872,0,root_found,0.792417466376,6,2,-0.129364528499,-0.027671919705,0.121911713247,0.333333333333
SPY,s004_l064_d0p0005,4,64,0.0005,1.5,31.5,30,39064,39000,0.16538655904,0.228831104068,-0.0758568940925,0.0338127853117,-0.380281128855,2319,2106,55.9717948718,38.6128205128,5.41538461538,root_found,0.659891102525,6,2,-0.0965136877454,-0.0646076606796,0.127025650799,0.333333333333
SPY,s004_l064_d0p0010,4,64,0.001,1.5,31.5,30,39064,39000,0.123656493551,0.198169166192,-0.106983195951,0.0021798719873,-0.382784151289,2297,2220,52.7384615385,36.0820512821,11.1794871795,root_found,0.507496241824,6,2,-0.124992978303,-0.0539669873889,0.119797569243,0.333333333333
SPY,s004_l064_d0p0020,4,64,0.002,1.5,31.5,30,39064,39000,0.137201876413,0.20879195946,-0.0860406277884,0.0172256630852,-0.382635843502,2185,2170,46.3615384615,31.4948717949,22.1435897436,root_found,0.588329312574,6,2,-0.133762188293,-0.0498338513175,0.127823885854,0.333333333333
SPY,s004_l096_d0p0000,4,96,0,1.5,47.5,46,39064,38968,0.294747225844,0.31478377101,0.0720786918486,0.158435251832,-0.267777532062,1887,944,59.7490248409,40.2509751591,0,root_found,1.36875482525,6,2,-0.0855943941728,-0.0205695745854,0.121236069817,0.333333333333
SPY,s004_l096_d0p0005,4,96,0.0005,1.5,47.5,46,39064,38968,0.271892796305,0.30106395225,0.0546349366703,0.144249149469,-0.278200508173,1873,1673,57.5600492712,38.1389858345,4.30096489427,root_found,1.28396830525,6,1,-0.0789279901663,-0.0392507168071,0.14626469533,0.166666666667
SPY,s004_l096_d0p0010,4,96,0.001,1.5,47.5,46,39064,38968,0.324121245637,0.33667925617,0.0979417201978,0.177642499588,-0.28583864495,1873,1805,55.1760418805,36.0372613426,8.78669677684,root_found,1.49879276256,6,1,-0.0813122114576,-0.0217842391716,0.161720733618,0.166666666667
SPY,s004_l096_d0p0020,4,96,0.002,1.5,47.5,46,39064,38968,0.38455313628,0.379769980428,0.15426291264,0.22084275901,-0.213931929593,1819,1804,50.3823650175,32.2341408335,17.383494149,root_found,1.78854714696,6,2,-0.0866903457951,-0.0262465762544,0.143959982158,0.333333333333
SPY,s008_l032_d0p0000,8,32,0,3.5,15.5,12,39064,39032,0.184015803465,0.241519936003,-0.116620040768,-0.00112138267787,-0.471633481631,2929,1465,56.4280590285,43.5719409715,0,root_found,0.576689168809,6,1,-0.239048243483,-0.0177942578139,0.163707906294,0.166666666667
SPY,s008_l032_d0p0005,8,32,0.0005,3.5,15.5,12,39064,39032,0.10111480322,0.180868984551,-0.171871614954,-0.0620498686045,-0.45708725463,2849,2721,50.3535560566,37.8663660586,11.7800778848,root_found,0.338094587647,6,1,-0.213518261536,-0.0316677942643,0.15631773741,0.166666666667
SPY,s008_l032_d0p0010,8,32,0.001,3.5,15.5,12,39064,39032,0.261376877068,0.299866163688,-0.0412343219543,0.0588417946561,-0.298225326306,2743,2717,44.2790530846,32.8858372617,22.8351096536,root_found,0.846500745829,6,3,-0.168350260335,0.00542015649299,0.124454647157,0.5
SPY,s008_l032_d0p0020,8,32,0.002,3.5,15.5,12,39064,39032,0.251510952069,0.300411675971,-0.00961271722302,0.0805998588723,-0.279809793847,2340,2339,33.1907153105,25.3894240623,41.4198606272,root_found,0.958725177814,6,2,-0.115719166899,-0.0114535702862,0.0975029060898,0.333333333333
SPY,s008_l064_d0p0000,8,64,0,3.5,31.5,28,39064,39000,0.285242100284,0.309510173664,0.0785630305062,0.164272774394,-0.298184849125,1753,877,58.7256410256,41.2743589744,0,root_found,1.43132496426,6,3,-0.0897580120715,-0.00224228874097,0.0950299309488,0.5
SPY,s008_l064_d0p0005,8,64,0.0005,3.5,31.5,28,39064,39000,0.184374234681,0.242556572725,-0.00111350377893,0.0988785187277,-0.299270801032,1703,1614,55.7615384615,38.5820512821,5.65641025641,root_found,0.993459334142,6,2,-0.0783702901431,-0.0196930394262,0.0873300583496,0.333333333333
SPY,s008_l064_d0p0010,8,64,0.001,3.5,31.5,28,39064,39000,0.223818389337,0.273090889621,0.0237482488018,0.115857464342,-0.294375653558,1785,1768,52.241025641,35.9025641026,11.8564102564,root_found,1.13147683459,6,2,-0.0777821915408,-0.0533035017457,0.113599781244,0.333333333333
SPY,s008_l064_d0p0020,8,64,0.002,3.5,31.5,28,39064,39000,0.105747474844,0.183618493739,-0.0676053604466,0.0281233929748,-0.282980104909,1705,1701,45.2435897436,30.8717948718,23.8846153846,root_found,0.589509907134,6,2,-0.0804714345133,-0.0320231138944,0.0826990845652,0.333333333333
SPY,s008_l096_d0p0000,8,96,0,3.5,47.5,44,39064,38968,0.350541910498,0.349745894425,0.174441617339,0.233990996388,-0.280579372989,1397,699,59.7284951755,40.2715048245,0,root_found,2.15063104348,6,3,-0.0902624126807,-0.00729643297155,0.179506363046,0.5
SPY,s008_l096_d0p0005,8,96,0.0005,3.5,47.5,44,39064,38968,0.423074522681,0.395467334111,0.235045525649,0.276594272413,-0.24643893427,1417,1348,57.3573188257,38.2159720797,4.42670909464,root_found,2.48949423342,6,2,-0.091303039031,-0.0124328699028,0.193367521932,0.333333333333
SPY,s008_l096_d0p0010,8,96,0.001,3.5,47.5,44,39064,38968,0.382720775351,0.375056034176,0.198835186362,0.25281880487,-0.256111814533,1427,1413,54.8244713611,35.8961198932,9.27940874564,root_found,2.27067938436,6,2,-0.100902740574,-0.0101909845445,0.177411939094,0.333333333333
SPY,s008_l096_d0p0020,8,96,0.002,3.5,47.5,44,39064,38968,0.30100054216,0.326478233137,0.134995988527,0.206305416563,-0.260276886068,1365,1363,49.8177992199,31.910798604,18.2714021761,root_found,1.92756558545,6,3,-0.118096597652,-0.021287219788,0.163564921796,0.5
SPY,s016_l032_d0p0000,16,32,0,7.5,15.5,8,39064,39032,-0.150287178416,-0.033331798419,-0.340458897009,-0.243120058886,-0.527340463492,2533,1269,56.1308669809,43.8640090182,0.00512400081984,non_positive_gross,,6,2,-0.265824041912,-0.0391226233489,0.110204064842,0.333333333333
SPY,s016_l032_d0p0005,16,32,0.0005,7.5,15.5,8,39064,39032,0.178532339537,0.239710914435,-0.074140460107,0.0296487086487,-0.357417013158,2413,2388,47.2458495593,35.6323017012,17.1218487395,root_found,0.680774031631,6,4,-0.224527055391,0.0323885964494,0.110001434569,0.666666666667
SPY,s016_l032_d0p0010,16,32,0.001,7.5,15.5,8,39064,39032,0.145494676151,0.216209107451,-0.0837476132259,0.0127247065866,-0.348989459148,2233,2231,38.0328960853,28.8583726173,33.1087312974,root_found,0.608326209866,6,3,-0.260125056488,0.000671747640509,0.149844403208,0.5
SPY,s016_l032_d0p0020,16,32,0.002,7.5,15.5,8,39064,39032,-0.0370702795819,0.0473723814457,-0.193282919777,-0.128390344617,-0.374545772214,1770,1770,24.1929698709,19.1432670629,56.6637630662,non_positive_gross,,6,3,-0.218307142459,-0.0186924426066,0.118725501344,0.5
SPY,s016_l064_d0p0000,16,64,0,7.5,31.5,24,39064,39000,-0.169041146567,-0.0525299678521,-0.27970513047,-0.170902551489,-0.486113615639,1429,717,58.3666666667,41.6282051282,0.00512820512821,non_positive_gross,,6,1,-0.218198352556,-0.0293616697271,0.0928770374435,0.166666666667
SPY,s016_l064_d0p0005,16,64,0.0005,7.5,31.5,24,39064,39000,-0.0890353352813,0.0200946082587,-0.209246698573,-0.0994316888169,-0.436350609292,1415,1386,54.9435897436,38.3076923077,6.74871794872,non_positive_gross,,6,1,-0.195688690939,-0.0239327093957,0.113391190668,0.166666666667
SPY,s016_l064_d0p0010,16,64,0.001,7.5,31.5,24,39064,39000,0.00215784172839,0.0986003169342,-0.129730067902,-0.023201074291,-0.384732882077,1411,1407,50.7974358974,35.1102564103,14.0923076923,root_found,0.0152764787278,6,3,-0.150285843664,-0.0173592367682,0.109378581837,0.5
SPY,s016_l064_d0p0020,16,64,0.002,7.5,31.5,24,39064,39000,0.0149802367628,0.10600232531,-0.113293000365,-0.0157668565896,-0.386627283492,1351,1351,42.2666666667,29.5153846154,28.2179487179,root_found,0.11005715839,6,2,-0.142978792929,-0.0359313799355,0.111773675544,0.333333333333
SPY,s016_l096_d0p0000,16,96,0,7.5,47.5,40,39064,38968,0.240344880508,0.279215141735,0.110797309301,0.187822662571,-0.351459166731,1103,552,59.6207144324,40.3792855676,0,root_found,1.95237238098,6,3,-0.107619450307,0.0152872367225,0.111205307838,0.5
SPY,s016_l096_d0p0005,16,96,0.0005,7.5,47.5,40,39064,38968,0.27074578899,0.300572435364,0.137575979665,0.207642963489,-0.269712848359,1107,1087,57.016013139,37.8797988093,5.10418805173,root_found,2.16422950539,6,2,-0.092846210419,-0.022765720817,0.146252286902,0.333333333333
SPY,s016_l096_d0p0010,16,96,0.001,7.5,47.5,40,39064,38968,0.183544544671,0.24146323663,0.0588787235729,0.146801793947,-0.302829458308,1113,1109,54.4215766783,35.6189694108,9.9594539109,root_found,1.51396683866,6,2,-0.100478826603,-0.0428271416706,0.143990512171,0.333333333333
SPY,s016_l096_d0p0020,16,96,0.002,7.5,47.5,40,39064,38968,0.275056917021,0.30783063747,0.146246746162,0.214770166019,-0.300612290167,1065,1064,48.6399096695,31.1255389037,20.2345514268,root_found,2.28150216887,6,3,-0.0964045515783,-0.0248882876566,0.159883029001,0.5
