configuration_id,short_window,long_window,neutral_band,symbol,regime,observations,position_eligible_observations,net_return,net_annualized_volatility,net_sharpe_ratio,invested_exposure_pct,long_exposure_pct,short_exposure_pct,neutral_exposure_pct,turnover
s004_l032_d0p0000,4,32,0,SPY,high_volatility,7840,7834,-0.267853982979,0.384252396986,-0.485017502559,100,44.702578504,55.297421496,0,731
s004_l032_d0p0000,4,32,0,SPY,normal_volatility,31224,31198,-0.206156031775,0.11932888915,-0.346300497035,99.9967946663,59.2441823194,40.7526123469,0.00320533367524,2976
s004_l032_d0p0005,4,32,0.0005,SPY,high_volatility,7840,7834,-0.247251598171,0.377743015406,-0.438512338515,95.9663007404,42.6984937452,53.2678069951,4.03369925964,724
s004_l032_d0p0005,4,32,0.0005,SPY,normal_volatility,31224,31198,-0.0461264736276,0.113153152944,-0.030989889705,88.2396307456,53.2502083467,34.9894223989,11.7603692544,2939
s004_l032_d0p0010,4,32,0.001,SPY,high_volatility,7840,7834,-0.23124954217,0.371074022381,-0.405762868016,91.9070717386,40.5412305336,51.365841205,8.09292826142,714
s004_l032_d0p0010,4,32,0.001,SPY,normal_volatility,31224,31198,0.184216976598,0.107259209992,0.384422054238,77.665234951,47.6280530803,30.0371818706,22.334765049,2741
s004_l032_d0p0020,4,32,0.002,SPY,high_volatility,7840,7834,-0.209794433894,0.356255698553,-0.37321169095,84.8353331631,37.375542507,47.4597906561,15.1646668369,673
s004_l032_d0p0020,4,32,0.002,SPY,normal_volatility,31224,31198,0.217544109074,0.0943947350993,0.484767674511,58.0582088595,35.7907558177,22.2674530419,41.9417911405,2392
s004_l064_d0p0000,4,64,0,SPY,high_volatility,7840,7814,-0.245569227523,0.38430630133,-0.41963162995,100,41.8991553622,58.1008446378,0,476
s004_l064_d0p0000,4,64,0,SPY,normal_volatility,31224,31186,0.26376487079,0.119246325354,0.471577105511,100,63.0507278907,36.9492721093,0,1821
s004_l064_d0p0005,4,64,0.0005,SPY,high_volatility,7840,7814,-0.266585845886,0.380898859085,-0.488787938421,97.6580496545,40.5810084464,57.0770412081,2.34195034553,458
s004_l064_d0p0005,4,64,0.0005,SPY,normal_volatility,31224,31186,0.260056273421,0.115576268461,0.477486293328,93.8145321619,59.8281280062,33.9864041557,6.18546783813,1861
s004_l064_d0p0010,4,64,0.001,SPY,high_volatility,7840,7814,-0.278329687201,0.377733374184,-0.531773945838,95.7768108523,39.8131558741,55.9636549782,4.22318914768,450
s004_l064_d0p0010,4,64,0.001,SPY,normal_volatility,31224,31186,0.237430428009,0.111956362959,0.455285418926,87.0775347913,55.9770409799,31.1004938113,12.9224652087,1847
s004_l064_d0p0020,4,64,0.002,SPY,high_volatility,7840,7814,-0.203198518304,0.372243140767,-0.322799038132,91.6687995905,38.1878679294,53.4809316611,8.33120040952,442
s004_l064_d0p0020,4,64,0.002,SPY,normal_volatility,31224,31186,0.147035231744,0.104953154278,0.326758612917,74.3955621112,48.4095427435,25.9860193677,25.6044378888,1743
s004_l096_d0p0000,4,96,0,SPY,high_volatility,7840,7814,-0.081273658941,0.384229789089,0.00652274862851,100,40.2994625032,59.7005374968,0,400
s004_l096_d0p0000,4,96,0,SPY,normal_volatility,31224,31154,0.166918421663,0.119229869834,0.331302083537,100,64.6273351737,35.3726648263,0,1487
s004_l096_d0p0005,4,96,0.0005,SPY,high_volatility,7840,7814,-0.0845194709228,0.382091752371,-0.00332876091245,97.7604299974,39.1476836447,58.6127463527,2.23957000256,404
s004_l096_d0p0005,4,96,0.0005,SPY,normal_volatility,31224,31154,0.152001493394,0.116469182909,0.313183259151,95.1819991012,62.1782114656,33.0037876356,4.81800089876,1469
s004_l096_d0p0010,4,96,0.001,SPY,high_volatility,7840,7814,-0.0769852380328,0.378504275526,0.0111349139114,95.213718966,37.7783465575,57.4353724085,4.78628103404,407
s004_l096_d0p0010,4,96,0.001,SPY,normal_volatility,31224,31154,0.18951696705,0.113394921431,0.377860841371,90.2099248893,59.5397059768,30.6702189125,9.79007511074,1466
s004_l096_d0p0020,4,96,0.002,SPY,high_volatility,7840,7814,-0.0228849343304,0.370881999836,0.132001908546,91.1057077041,35.8459175838,55.2597901203,8.89429229588,387
s004_l096_d0p0020,4,96,0.002,SPY,normal_volatility,31224,31154,0.181296812622,0.107644975477,0.378623400242,80.4872568531,54.0283751685,26.4588816845,19.5127431469,1432
s008_l032_d0p0000,8,32,0,SPY,high_volatility,7840,7834,-0.0307367863223,0.384196000892,0.12510343827,100,44.715343375,55.284656625,0,579
s008_l032_d0p0000,8,32,0,SPY,normal_volatility,31224,31198,-0.0886067409077,0.119294880946,-0.103545600015,100,59.3691903327,40.6308096673,0,2350
s008_l032_d0p0005,8,32,0.0005,SPY,high_volatility,7840,7834,-0.129955741641,0.378061138146,-0.117729862219,95.4174112841,42.4049017105,53.0125095737,4.58258871585,556
s008_l032_d0p0005,8,32,0.0005,SPY,normal_volatility,31224,31198,-0.0481767138966,0.111935896208,-0.0365869219024,86.4125905507,52.3495095839,34.0630809667,13.5874094493,2293
s008_l032_d0p0010,8,32,0.001,SPY,high_volatility,7840,7834,-0.10095402703,0.371424433675,-0.0527595852547,90.949706408,40.3369925964,50.6127138116,9.05029359203,565
s008_l032_d0p0010,8,32,0.001,SPY,normal_volatility,31224,31198,0.0664256410361,0.104666597998,0.181274375113,73.7034425284,45.2689274954,28.434515033,26.2965574716,2178
s008_l032_d0p0020,8,32,0.002,SPY,high_volatility,7840,7834,-0.089629160284,0.355728578851,-0.0417940470321,82.7929537912,36.354352821,46.4386009701,17.2070462088,535
s008_l032_d0p0020,8,32,0.002,SPY,normal_volatility,31224,31198,0.0878943388454,0.0901192287999,0.241226297921,52.5001602667,32.3963074556,20.1038528111,47.4998397333,1805
s008_l064_d0p0000,8,64,0,SPY,high_volatility,7840,7814,-0.121122568484,0.384245931124,-0.0876983993342,100,41.8095725621,58.1904274379,0,352
s008_l064_d0p0000,8,64,0,SPY,normal_volatility,31224,31186,0.227205286914,0.119237744236,0.419935967465,100,62.9641505804,37.0358494196,0,1401
s008_l064_d0p0005,8,64,0.0005,SPY,high_volatility,7840,7814,-0.155454114812,0.379618425965,-0.181129030418,97.5172766829,40.5426158178,56.9746608651,2.48272331712,353
s008_l064_d0p0005,8,64,0.0005,SPY,normal_volatility,31224,31186,0.182749822999,0.115253375558,0.363220895242,93.5483870968,59.5748092093,33.9735778875,6.45161290323,1350
s008_l064_d0p0010,8,64,0.001,SPY,high_volatility,7840,7814,-0.0609126578585,0.36216630828,0.0359660784733,95.4568722805,39.6083951881,55.8484770924,4.54312771948,353
s008_l064_d0p0010,8,64,0.001,SPY,normal_volatility,31224,31186,0.0901523243485,0.111503538787,0.218201008907,86.3111652665,55.4062720451,30.9048932213,13.6888347335,1432
s008_l064_d0p0020,8,64,0.002,SPY,high_volatility,7840,7814,-0.200481211061,0.354366011446,-0.350537444261,90.8497568467,37.6759662145,53.1737906322,9.15024315331,361
s008_l064_d0p0020,8,64,0.002,SPY,normal_volatility,31224,31186,0.166194781727,0.103910751009,0.362441038405,72.4235233759,47.139742192,25.2837811839,27.5764766241,1344
s008_l096_d0p0000,8,96,0,SPY,high_volatility,7840,7814,-0.040940362501,0.384216560812,0.0999840784509,100,39.9411313028,60.0588686972,0,304
s008_l096_d0p0000,8,96,0,SPY,normal_volatility,31224,31154,0.224576211341,0.119235674841,0.416164457555,100,64.6915323875,35.3084676125,0,1093
s008_l096_d0p0005,8,96,0.0005,SPY,high_volatility,7840,7814,0.0623258757277,0.381345240544,0.321947484204,97.6580496545,38.9301254159,58.7279242385,2.34195034553,306
s008_l096_d0p0005,8,96,0.0005,SPY,normal_volatility,31224,31154,0.162586315431,0.116263163647,0.330035983235,95.0503948129,61.9792001027,33.0711947101,4.94960518713,1111
s008_l096_d0p0010,8,96,0.001,SPY,high_volatility,7840,7814,-0.0115277029632,0.374441688209,0.160207158758,95.0473509086,37.5607883286,57.48656258,4.95264909137,321
s008_l096_d0p0010,8,96,0.001,SPY,normal_volatility,31224,31154,0.212816170929,0.113000100734,0.414802445757,89.6353598254,59.1545226937,30.4808371317,10.3646401746,1106
s008_l096_d0p0020,8,96,0.002,SPY,high_volatility,7840,7814,-0.019215542185,0.36809292734,0.138850198194,90.8241617609,35.5643716406,55.2597901203,9.17583823906,292
s008_l096_d0p0020,8,96,0.002,SPY,normal_volatility,31224,31154,0.157232845079,0.106757507542,0.340422334974,79.4472619888,53.3928227515,26.0544392373,20.5527380112,1073
s016_l032_d0p0000,16,32,0,SPY,high_volatility,7840,7834,-0.294028927405,0.384264383362,-0.564197281767,100,44.0770998213,55.9229001787,0,477
s016_l032_d0p0000,16,32,0,SPY,normal_volatility,31224,31198,-0.0657675242046,0.11929864331,-0.0600066681793,99.9935893326,59.1576383101,40.8359510225,0.00641066735047,2056
s016_l032_d0p0005,16,32,0.0005,SPY,high_volatility,7840,7834,-0.218345491965,0.372410937524,-0.365658865608,93.6430942047,40.9880010212,52.6550931836,6.35690579525,465
s016_l032_d0p0005,16,32,0.0005,SPY,normal_volatility,31224,31198,0.184486918933,0.107803222983,0.383465782875,80.1750112187,48.8172318738,31.3577793448,19.8249887813,1948
s016_l032_d0p0010,16,32,0.001,SPY,high_volatility,7840,7834,-0.339019149653,0.363035921021,-0.770581680001,87.030890988,37.9244319632,49.1064590248,12.969109012,478
s016_l032_d0p0010,16,32,0.001,SPY,normal_volatility,31224,31198,0.38620110748,0.0963896435391,0.759127041026,61.834091929,38.0601320597,23.7739598692,38.165908071,1755
s016_l032_d0p0020,16,32,0.002,SPY,high_volatility,7840,7834,-0.340536712785,0.34554055197,-0.833095564327,73.6150114884,31.7079397498,41.9070717386,26.3849885116,491
s016_l032_d0p0020,16,32,0.002,SPY,normal_volatility,31224,31198,0.223293390039,0.0755861301254,0.59732313722,35.7330598115,22.305917046,13.4271427656,64.2669401885,1279
s016_l064_d0p0000,16,64,0,SPY,high_volatility,7840,7814,-0.425266897319,0.384217885737,-1.01348316303,100,41.617609419,58.382390581,0,304
s016_l064_d0p0000,16,64,0,SPY,normal_volatility,31224,31186,0.253268458298,0.119244805579,0.456894401876,99.9935868659,62.5633296992,37.4302571667,0.00641313409863,1125
s016_l064_d0p0005,16,64,0.0005,SPY,high_volatility,7840,7814,-0.329232854612,0.379002235601,-0.692109389799,97.3637061684,40.3890453033,56.9746608651,2.63629383158,302
s016_l064_d0p0005,16,64,0.0005,SPY,normal_volatility,31224,31186,0.17887899976,0.115153125024,0.35746075869,92.2208683384,58.5903931251,33.6304752132,7.77913166164,1113
s016_l064_d0p0010,16,64,0.001,SPY,high_volatility,7840,7814,-0.298007408239,0.373710138988,-0.605485024386,94.4586639365,38.9941131303,55.4645508062,5.54133606348,307
s016_l064_d0p0010,16,64,0.001,SPY,normal_volatility,31224,31186,0.239713840733,0.110310388049,0.463921510614,83.7651510293,53.7548900148,30.0102610146,16.2348489707,1104
s016_l064_d0p0020,16,64,0.002,SPY,high_volatility,7840,7814,-0.30083608536,0.36255674748,-0.644776424624,88.2518556437,36.3834143844,51.8684412593,11.7481443563,298
s016_l064_d0p0020,16,64,0.002,SPY,normal_volatility,31224,31186,0.268239079661,0.101599422208,0.541594768313,67.6553581735,43.7407811197,23.9145770538,32.3446418265,1053
s016_l096_d0p0000,16,96,0,SPY,high_volatility,7840,7814,-0.202822777052,0.384225009781,-0.302147944207,100,40.120296903,59.879703097,0,260
s016_l096_d0p0000,16,96,0,SPY,normal_volatility,31224,31154,0.393413255327,0.119221979281,0.643529087505,100,64.5117801887,35.4882198113,0,843
s016_l096_d0p0005,16,96,0.0005,SPY,high_volatility,7840,7814,-0.162533873255,0.38184521091,-0.198514211873,97.3253135398,38.8277450729,58.4975684669,2.6746864602,263
s016_l096_d0p0005,16,96,0.0005,SPY,normal_volatility,31224,31154,0.358354616784,0.115508484122,0.614153635688,94.2864479682,61.5779675162,32.7084804519,5.71355203184,844
s016_l096_d0p0010,16,96,0.001,SPY,high_volatility,7840,7814,-0.19816660056,0.378895695545,-0.298899468015,94.7274123368,37.6375735859,57.089838751,5.27258766317,265
s016_l096_d0p0010,16,96,0.001,SPY,normal_volatility,31224,31154,0.320571984546,0.112315121227,0.575673692009,88.8649932593,58.6313154009,30.2336778584,11.1350067407,848
s016_l096_d0p0020,16,96,0.002,SPY,high_volatility,7840,7814,-0.139263792547,0.373017807563,-0.150718521528,89.8387509598,35.5387765549,54.2999744049,10.1612490402,248
s016_l096_d0p0020,16,96,0.002,SPY,normal_volatility,31224,31154,0.331705040682,0.105634068526,0.621869928656,77.2388778327,51.9259164152,25.3129614175,22.7611221673,817
